ScreenName,Tweets,DateOfTweets,
NUAdmissions,Were you admitted to the College of Arts| Media| and Design? Will you be in NYC next week? If so| you and your fami‚Ä¶ https://t.co/uw5hoBmeo3,2019-04-05 21:13:11
NUAdmissions,@renae20191 @Northeastern Congratulations! üéâ See you on campus. üå≤üè¢üå≥,2019-03-14 18:02:36
NUAdmissions,RT @renae20191: Proud to have been accepted into Northeastern University| Ya girl going to Boston @Northeastern #Husky,2019-03-14 17:58:28
NUAdmissions,RT @TheNUinProgram: Congratulations to all of the students newly accepted to the https://t.co/CRXWhzu10n Program! Get ready to break out of‚Ä¶,2019-03-14 16:52:48
NUAdmissions,@Madina07928268 Ouch! We're sorry to hear about your toe| but excited to welcome you to Northeastern!,2019-03-14 12:45:25
NUAdmissions,@madisonn4263 Welcome to the pack! #NUHusky #NUin2019,2019-03-14 02:39:43
NUAdmissions,@TheConnorBishop Congratulations and welcome!,2019-03-13 23:57:42
NUAdmissions,Welcome #NUHusky's https://t.co/MqOAf915al,2019-03-13 23:05:12
NUAdmissions,üëÄ Decisions continue to roll out...keep an eye on your inbox and app status check üêæ,2019-03-13 21:41:46
NUAdmissions,üêæ Decisions are our for Greater New England| and will be rolling out across the world throughout the evening. üêæ,2019-03-13 20:19:44
NUAdmissions,Hey #NUHusky's... https://t.co/ontTbNtl96,2019-03-13 20:01:43
NUAdmissions,Admitted to the Honors Program? Start your Northeastern journey at Honors Welcome Day! Visit App Status Check to re‚Ä¶ https://t.co/SADVC3LS7E,2019-03-04 17:01:37
NUAdmissions,The Visitor Center will be operating normally on Saturday| but please use caution when traveling to and from campus‚Ä¶ https://t.co/5sw2JrCkmP,2019-03-01 16:27:51
NUAdmissions,Hey Honors admits! Join us for Honors Welcome day to meet current students| explore the campus| and learn more abou‚Ä¶ https://t.co/EBz4zmqd3d,2019-03-01 16:02:42
NUAdmissions,Are your paws pointed toward Northeastern? Register now to join us‚Äîand all your new classmates‚Äîat an Honors Welcome‚Ä¶ https://t.co/KU43XXFkJ2,2019-02-14 00:37:54
NUAdmissions,@strudelgoolar No accident| you're in! Welcome to the pack üòÄüêæ,2019-02-14 00:26:55
NUAdmissions,@BryanCavaliere @annalise_cav @Northeastern Congratulations and welcome to the pack! üêæ,2019-02-07 02:26:53
NUAdmissions,Early Decision II applicants - the wait is over! Admissions decisions are now available - check your email! https://t.co/NYyPH1Fp9X,2019-02-07 00:08:18
NUAdmissions,It is cold| cold| cold| out there today! If you're looking for a shortcut to class| check out this digital map of o‚Ä¶ https://t.co/DLmv2lxAsX,2019-01-31 15:38:47
NUAdmissions,@lenissimus Congratulations and welcome to the Husky family!  üêæ Good luck with the rest of your week üêæ,2019-01-24 01:54:26
GoNUathletics,RT @GoNUbaseball: GAME DAY | Happy Easter| #HowlinHuskies fans! üåº‚öæÔ∏èüê∞||‚öæÔ∏è vs. College of Charleston|üïö 11 a.m.|üè∞ Friedman Diamond|‚òÅÔ∏è Mid 60s‚Ä¶,2019-04-21 13:48:03
GoNUathletics,RT @GoNUbaseball: GAME DAY | Today's weather forecast calls for another #HowlinHuskies victory!||Also some precipitation.||‚öæÔ∏è vs. College o‚Ä¶,2019-04-20 13:47:28
GoNUathletics,RT @GoNUbaseball: ‚ùóÔ∏è | First pitch of Saturday's middle game between the #HowlinHuskies and College of Charleston has been moved up to 11 a‚Ä¶,2019-04-19 22:55:51
GoNUathletics,RT @GoNUbaseball: #StiehlCity üèôÔ∏è collected 16 outs from the first 16 batters he faced on Friday.||He turned that effort into his first care‚Ä¶,2019-04-19 22:39:00
GoNUathletics,RT @GoNUbaseball: FINAL | Goodnight from #StiehlCity üèôÔ∏è‚ÄºÔ∏è||David Stiehl throws a complete game shutout (105 pitches) and the #HowlinHuskies‚Ä¶,2019-04-19 20:54:12
GoNUathletics,ICYMI: head into your weekend with a look at the end credits from Tuesday's #HowlinHuskiesAwards| including some of‚Ä¶ https://t.co/p7NwfphoV7,2019-04-19 19:28:45
GoNUathletics,RT @GoNUtrack: We. Are. BACK!||The #HowlinHuskies host the Jay Carisella Invite on Saturday in Dedham! ||üîñ: https://t.co/SX3FpqniyP||üöç: 9:3‚Ä¶,2019-04-19 17:17:20
GoNUathletics,RT @GoNUbaseball: GAME DAY | Two of the top three teams in the CAA are converging at the Fortress. #HowlinHuskies||‚öæÔ∏è vs. College of Charle‚Ä¶,2019-04-19 16:48:06
GoNUathletics,No. 6 @GoNUmrowing has taken on the nation's best this season| and will continue to do so on Saturday morning at No‚Ä¶ https://t.co/UGaEhTDk1v,2019-04-19 16:28:38
GoNUathletics,RT @AlumniNU: #HowlinHuskies fans: @GoNUathletics wants to hear from you! Fill out this survey for a chance to win an @amazon gift card. ht‚Ä¶,2019-04-19 15:40:19
GoNUathletics,Tomorrow is meet day for @GoNUtrack in Dedham! Shuttles leave from Chicken Lou's at 9:30 a.m. &amp; 12 p.m. and return‚Ä¶ https://t.co/rQ9zvlVtvN,2019-04-19 14:55:13
GoNUathletics,.@GoNUwhockey celebrates historic season| announces 2019-20 captains at annual year-end banquet.||üîñ:‚Ä¶ https://t.co/YSoHJPoYdz,2019-04-18 23:04:51
GoNUathletics,RT @GoNUbaseball: All but two of the 16 series meetings contested between the #HowlinHuskies and College of Charleston have been decided by‚Ä¶,2019-04-18 21:16:39
GoNUathletics,RT @GoNUmhockey: He's already got a silver medal from the WJC this year| but Cayden Primeau will be looking to upgrade at the IIHF World Ch‚Ä¶,2019-04-18 17:13:33
GoNUathletics,#HowlinHuskies fans: we want to hear from you! ||Fill out our fan survey by May 1 and enter for a chance to win a $‚Ä¶ https://t.co/fB1UOTj4q9,2019-04-18 16:00:12
GoNUathletics,@gerthanator Go to the Northeastern Bookstore's website! Our ‚ö´Ô∏è sweaters are available online! (‚Ä¶ https://t.co/u8nVCJvnl3,2019-04-18 15:51:42
GoNUathletics,@casssieeb @GoNUtrack Yes! The first shuttle will leave Chicken Lou's at 9:30am! They will also make trips back to campus at 1pm &amp; 3pm!,2019-04-18 14:55:35
GoNUathletics,RT @GoNUmhockey: We had a lot to celebrate tonight at our year-end banquet. A LOT.||Is it October yet?! | #HowlinHuskies ||üîñ: https://t.co/‚Ä¶,2019-04-18 01:41:36
GoNUathletics,Three days until @GoNUtrack hosts the Jay Carisella Coaches Invite in Dedham - can‚Äôt wait to see everyone there!‚Ä¶ https://t.co/Ibce2bWGiK,2019-04-17 20:00:00
GoNUathletics,RT @GoNUbaseball: BEANPOT | Welcome to the final round of the 30th annual #BaseballBeanpot! ||Walk-up tickets are still available ($10) at‚Ä¶,2019-04-17 16:58:25
NUBouve,Kudos to our Physical Therapy team for supporting the Boston Marathon again this year. Photo of Prof Dave Nolan (fa‚Ä¶ https://t.co/e6ShPBn6Pk,2019-04-19 16:33:01
NUBouve,Thank you so much to everyone who participated in Giving Day and helped Bouv√©! We appreciate you.,2019-04-12 19:20:33
NUBouve,#NUGivingDay is in full swing and you have 7 more hours to donate! Donate to the Future of Pharmacy fund here: https://t.co/EKYT9PJrnk,2019-04-11 20:03:21
NUBouve,We only need 25 more donors to the #NUGivingDay Future of Pharmacy scholarship in order to unlock $10|000 of univer‚Ä¶ https://t.co/k4TCMgkOY8,2019-04-11 18:01:54
NUBouve,RT @StevoSportsMed: Proud to be a Husky because I work with fantastic faculty| staff| students and student-athletes every day!#NUGivingDay‚Ä¶,2019-04-11 17:56:45
NUBouve,Remember that today is all about participation. Donating any amount to Bouv√© today can help us unlock funding| scho‚Ä¶ https://t.co/dKPeCSkgW5,2019-04-11 16:13:07
NUBouve,#GivingDay means you can drag yourself out of Behrakis for a moment because there are FREE DONUTS AND COFFEE at 9am‚Ä¶ https://t.co/R0LRX8EOVN,2019-04-11 12:13:05
NUBouve,On co-op| Andrew Driscoll (https://t.co/FQf5x7PaWQ) provided volunteer nursing care to orphans in a refugee camp on‚Ä¶ https://t.co/soOgKldTTi,2019-04-10 20:06:10
NUBouve,RT @mahinrSPT: Tonight was such a special experience| it‚Äôs official üôåüèΩ congrats to all the accomplished students @Northeastern. Pinching my‚Ä¶,2019-04-09 20:44:43
NUBouve,Read more about Dr. Thakur's research: https://t.co/xZEoj7aci8,2019-04-09 20:43:42
NUBouve,Healthcare advances depend on research pioneers like Ganesh Thakur| who has identified an unexplored brain receptor‚Ä¶ https://t.co/CmqGY2qjKo,2019-04-09 20:43:14
NUBouve,Donate here: https://t.co/EKYT9PJrnk,2019-04-08 18:26:30
NUBouve,These students went to Ghana to study healthcare delivery in another culture and to deliver computer equipment to r‚Ä¶ https://t.co/wVxaYa4Vim,2019-04-08 18:26:16
NUBouve,RT @ckim314: I was shocked &amp; honored to win the division of Social Science| Business| and Law at RISE 2019 @Northeastern. I‚Äôm extremely hon‚Ä¶,2019-04-05 18:36:18
NUBouve,Donate to the #NUGivingDay Future of Pharmacy Scholarship: https://t.co/WqddtkrOFM,2019-04-05 18:34:41
NUBouve,Read more about Dr. Kulkarni's work here: https://t.co/3qJzyDyy07,2019-04-05 18:33:54
NUBouve,After earning his doctorate| Abhijit Kulkarni combined his extensive lab training with his natural ability to expla‚Ä¶ https://t.co/kWRKtfK10E,2019-04-05 18:33:11
NUBouve,RT @rosaliecathrne: Presenting our PT Project on Pain Neuroscience Education at RISE #ChoosePT #GotResearch @ashleywedge https://t.co/AH2Vh‚Ä¶,2019-04-04 18:54:56
NUBouve,RT @BostonSpeechies: Congrats to students Mackenzie Russell and Sina Salehi presenting their research with CSD faculty @kristen_allison in‚Ä¶,2019-04-04 18:53:07
NUBouve,RT @BostonSpeechies: Congrats to Morgan Hines and Laura Fischer presenting on their work with @emzimmy in the Speech and Neurodevelopment L‚Ä¶,2019-04-04 18:53:04
NUCityAffairs,RT @NUCrossing: Our friends in the Center of Community Service are looking for co-ops. If you know students who would be good for the job|‚Ä¶,2019-04-11 09:52:32
NUCityAffairs,@Nobooksnoball @CharlieBakerMA So proud to sponsor such a great program| No Books No Ball!  It is Championship Satu‚Ä¶ https://t.co/CZcgXOp68w,2019-04-06 18:46:42
NUCityAffairs,If you are interested in permitting Carter Playground please contact Paul McCaffrey| City of Boston Parks Departmen‚Ä¶ https://t.co/tu7L7qemtT,2019-02-13 14:50:08
NUCityAffairs,RT @NU_ACES: @MassPromise is honoring the legacy of Martin Luther King| Jr. by leading a #dayofservice on January 21st at three sites: Free‚Ä¶,2019-01-12 12:01:21
NUCityAffairs,RT @NUCrossing: Next week| come by to check out the RISE session and to learn about @Northeastern's Community Benefits Annual Report. https‚Ä¶,2019-01-12 12:01:00
NUCityAffairs,RT @NUCrossing: In 4 weeks| we will present our 3rd annual Winter Gateway Speaker. This year's guest? Correspondent and author @AprilDRyan!‚Ä¶,2019-01-11 12:47:35
NUCityAffairs,RT @BostonBTD: Thanks to Chief Pat Brophy and our other @Northeastern Huskies from #teambtd for stopping by to wish our engineering co-op C‚Ä¶,2019-01-06 00:18:01
NUCityAffairs,The secret life of trees https://t.co/NKqz8u8kAY,2019-01-04 15:06:13
NUCityAffairs,@MassPromise MLK Day of Service. https://t.co/uDm0LotbPC,2019-01-04 14:57:22
NUCityAffairs,RT @GoNUathletics: With Boston Public Schools Day at @GoNUmbasketball tomorrow| take a look back at the experience the students had at a re‚Ä¶,2018-12-21 22:14:24
NUCityAffairs,RT @GoNUmbasketball: The non-conference season rounds out tomorrow at Noon against St. Bonaventure!||It's @BostonSchools Day at Matthews Ar‚Ä¶,2018-12-21 22:14:18
NUCityAffairs,RT @GoNUmbasketball: It's @BostonSchools day here at Matthews Arena. ||And they are INTO it. https://t.co/TZwb3lVtHJ,2018-12-21 22:13:59
NUCityAffairs,@GoNUmbasketball Game Day!  3:00pm vs Eastern Michigan at Matthews Arena. https://t.co/IqQgZWJU7M,2018-12-01 19:22:30
NUCityAffairs,@NULSCC https://t.co/A2Yvjveld5,2018-11-30 16:15:55
NUCityAffairs,RT @NUCrossing: We're looking forward to celebrating the winter holidays with you. Join us at our third annual Holiday Open House on Dec 11‚Ä¶,2018-11-30 11:09:54
NUCityAffairs,Northeastern Task Force Meeting https://t.co/AcSfqjwyWK,2018-11-29 17:02:03
NUCityAffairs,RT @CarterSchoolBPS: Thank you for your continued support and commitment to our students and community! @marty_walsh @marty_walsh https://t‚Ä¶,2018-11-29 01:57:18
NUCityAffairs,RT @GoNUmbasketball: Well that was fun. ||#HowlinHuskies https://t.co/XUy91tugn1,2018-11-29 01:55:29
NUCityAffairs,RT @GoNUwbasketball: FINAL | 6-0 ‚úÖ||The #HowlinHuskies score their first win against a power-five school as a CAA member!||Jess Genco hit e‚Ä¶,2018-11-29 01:55:14
NUCityAffairs,RT @Northeastern: With a thrilling overtime win against BC| @GoNUwhockey extends win streak to 12. #HowlinHuskies https://t.co/gaNweUiA28,2018-11-29 01:54:36
NU_CAMD,RT @dankennedy_nu: Zolan @KannoYoungs of the @nytimes speaks to @NUjournalism graduates at our senior reception. Zolan is one of our many g‚Ä¶,2019-04-19 20:26:08
NU_CAMD,Want to know what's happening in the local #arts world the next few weeks? Check out this list from the‚Ä¶ https://t.co/UZE0al057f,2019-04-19 18:15:04
NU_CAMD,RT @NUMUSICDEPT: Looking for plans tonight? Swing by Blackman Auditorium @ 8pm to see the NU Blues &amp; Rock Ensembles play! üé∏ https://t.co/FQ‚Ä¶,2019-04-19 13:00:45
NU_CAMD,.@NatGeo has opened up submissions for their 2019 Travel #Photo Contest| and @Colossal has compiled some of the bes‚Ä¶ https://t.co/IDlQ7jdIrL,2019-04-18 20:01:29
NU_CAMD,#Art &amp; #Design Professor Gloria Sutton recently traveled to Berlin| Germany to speak at a symposium celebrating the‚Ä¶ https://t.co/K4DvrWtpZv,2019-04-18 18:20:04
NU_CAMD,Last chance to see @NUGallery360's most recent display: "Figure Focus". The installment runs until this Sunday| Apr‚Ä¶ https://t.co/7DnwnEWdjs,2019-04-18 15:51:24
NU_CAMD,RT @Northeastern: #Northeastern in bloom. #NUexperience https://t.co/LsmOiED5vz,2019-04-18 12:59:05
NU_CAMD,A new display| "#Art in Bloom"| is arriving at the @mfaboston this Friday! Don't miss this annual arrangement of fi‚Ä¶ https://t.co/bvbnmPuR1f,2019-04-17 20:05:05
NU_CAMD,RT @EngageLab: Always exciting to see our projects impacting the real world! #RoomAtTheTop https://t.co/QEJTd3mPpl,2019-04-17 18:39:32
NU_CAMD,Nine Northeastern students were just announced winners of Fulbright Scholarships (@FulbrightPrgrm). CAMD is so exci‚Ä¶ https://t.co/z2qaZYH0Qw,2019-04-17 18:15:04
NU_CAMD,This fall's new student orientation will incorporate multiplayer live card game that challenges assumptions &amp; biase‚Ä¶ https://t.co/IsuaNpw4IQ,2019-04-17 14:12:59
NU_CAMD,Congratulations to CAMD Professor Tracy Heather Strain (@thstrain)| who just won a #Peabody Award for her work on "‚Ä¶ https://t.co/BDAbqFD2t7,2019-04-16 20:27:50
NU_CAMD,Happening tomorrow: Robot Proof| a #concert hosted by students from Professor David Herlihy‚Äôs #Record Industry Clas‚Ä¶ https://t.co/JsMKGWWVq6,2019-04-16 18:20:08
NU_CAMD,CAMD Alumna Ayukta Thakur changed the lives of thousands when she founded the Integreat Center for Young Adults wit‚Ä¶ https://t.co/YDyGus67JH,2019-04-16 15:36:25
NU_CAMD,RT @alisonjhead: A must-read! John Wihbey‚Äôs incisive new book on how social media has transformed the news landscape is now available. http‚Ä¶,2019-04-16 14:33:46
NU_CAMD,CAMD Professor David Tames (@cinemakinoeye) and MIT's Cindy Sherman Bishop (@csbishopfilm) give a talk at‚Ä¶ https://t.co/EviZWNEGqD,2019-04-13 18:30:07
NU_CAMD,CAMD #Music Industry alumna Jessica Gramuglia's freelancing work led her to the role of Music Supervisor at‚Ä¶ https://t.co/Yd5CNmAqpV,2019-04-12 18:20:03
NU_CAMD,RT @Participant: Do you know an injustice that needs to be exposed? Applications for the Spotlight Investigative Journalism Fellowship are‚Ä¶,2019-04-12 17:21:19
NU_CAMD,RT @meg_heckman: Honored to be part of a @NU_CAMD panel speaking at @theNASEM today. I'll share how integrating digital humanities into my‚Ä¶,2019-04-12 16:15:49
NU_CAMD,The Boston #Theater Critics Association just released the nominees for the 37th annual @nortonawards. Nominated mul‚Ä¶ https://t.co/u6JmISbi3A,2019-04-12 15:10:07
KhouryCollege,RT @reneewittemyer: Carla Brodley started the brilliant ALIGN program to broaden pathways into computing Masters degrees &amp; tech industry fo‚Ä¶,2019-04-19 23:19:48
KhouryCollege,With casless payments becoming more and more commonplace| consumers must be increasingly careful with their digital‚Ä¶ https://t.co/FQwRQIKin1,2019-04-19 15:30:12
KhouryCollege,A revolution to reimagine the Masters in Computer Science. Join us| as we partner with @Facebook| @IllinoisCS|‚Ä¶ https://t.co/lo1DjhGizS,2019-04-18 22:00:16
KhouryCollege,Facebook‚Äôs investment will provide scholarships for 200 students in Khoury College's Align MSCS program over 4 year‚Ä¶ https://t.co/dXYKoGyQWD,2019-04-18 17:00:40
KhouryCollege,Northeastern University's Khoury College is excited to announce that Facebook will invest $4.2 million to expand th‚Ä¶ https://t.co/RcJniGXVfC,2019-04-18 13:18:15
KhouryCollege,Ask David Lazer what he thinks about the current state of American democracy| and he‚Äôll show you a picture of a bur‚Ä¶ https://t.co/E0uPh7kL4i,2019-04-16 14:45:01
KhouryCollege,Learn more about how a Khoury alum uses data science and machine learning to help prevent suicide and improve‚Ä¶ https://t.co/x3lNpbp3Px,2019-04-12 18:47:52
KhouryCollege,Thank you to everyone who participated! #NUGivingDay https://t.co/CTX30OI9ch,2019-04-12 15:37:11
KhouryCollege,What affects the ads that you see in your Facebook feed? What bias does the algorithm show? https://t.co/pzTwUSA7yq,2019-04-12 13:16:00
KhouryCollege,Until 10:00| the fund with the most alumni gifts will unlock the prize amount. Join Khoury now in #NUGivingDay part‚Ä¶ https://t.co/o2xpBopxMU,2019-04-11 23:00:17
KhouryCollege,FAMILY SPIRIT CHALLENGE: Post a picture of your family| kids| baby or pet in Northeastern gear with #NUGivingDay fo‚Ä¶ https://t.co/QnNioj21XV,2019-04-11 20:00:23
KhouryCollege,Sights from Giving Day festival! Join in the fun and fresh air on Centennial Quad! #NUGivingDay https://t.co/jxCAly0BvB,2019-04-11 19:27:31
KhouryCollege,For the next two hours| post about the school/unit/program that you think deserves extra Giving Day funds with‚Ä¶ https://t.co/KYB8qd9hSg,2019-04-11 18:00:35
KhouryCollege,For the next two hours| the fund with the most parent donors will unlock the prize amount. Join Khoury in celebrati‚Ä¶ https://t.co/whWF0mfygs,2019-04-11 16:00:46
KhouryCollege,Also from 12-2| post "Why I'm proud to be a Husky‚Ä¶" with the hashtag #NUGivingDay to unlock $1|000 for the Northeas‚Ä¶ https://t.co/Q0BOOAGqrl,2019-04-11 16:00:45
KhouryCollege,The "Class of 2018" challenge begins NOW! For the next two hours| the fund with the most alumni gifts from the clas‚Ä¶ https://t.co/NATLzerBXI,2019-04-11 14:00:40
KhouryCollege,Join Khoury in the WVH lobby for donuts this morning. Also keep a lookout for stuffed huskies hidden around campus. https://t.co/Krf4bluHd1,2019-04-11 13:53:39
KhouryCollege,RT @Northeastern: .@PresidentAoun welcomes the #Northeastern community to the naming ceremony for the @KhouryCollege of Computer Sciences.‚Ä¶,2019-04-11 00:38:26
KhouryCollege,Sights from the Khoury Naming Festival https://t.co/QgzPxMe2tb,2019-04-10 19:52:55
KhouryCollege,Khoury College naming ceremony in ISEC this afternoon. Come to Centennial Quad for the naming festival https://t.co/eYFS2o3eyk,2019-04-10 19:47:52
NortheasternCOE,RT @TIMatNUGov: Recently @NortheasternCOE Prof. Jerry Hajjar was featured in the @WashingtonPost on how #AI could be the solution to the #N‚Ä¶,2019-04-18 19:11:59
NortheasternCOE,RT @CEE_NEU: Graduating senior Maria Franko is the recipient of the 2019 Compass Award| which recognizes exemplary seniors who| during thei‚Ä¶,2019-04-18 18:53:30
NortheasternCOE,Register now for the 2019 ‚ÄúI-PrACTISE East‚Äù Conference which will be held June 2-4 in Boston in partnership with th‚Ä¶ https://t.co/qS1MkN7WkO,2019-04-18 18:52:26
NortheasternCOE,Aanie Phillips| BS| Bioengineering| says co-op puts into perspective what you learn in the classroom providing an i‚Ä¶ https://t.co/kzoNmcdrzZ,2019-04-16 14:01:47
NortheasternCOE,Be sure to check out the First Year Engineering Exposition today until 2pm on the 2nd&amp;3rd floors of Snell Engineeri‚Ä¶ https://t.co/DC1Uq0LXZP,2019-04-12 15:09:14
NortheasternCOE,#Repost @NU_URF (get_repost)|„Éª„Éª„Éª|Two Northeastern University juniors have been named 2019 Truman Scholars| earning‚Ä¶ https://t.co/QyUAOMd7Cj,2019-04-11 21:21:53
NortheasternCOE,NU Giving Day Family Spirit Challenge: Post a picture of your family| kids| baby or pet in Northeastern gear betwee‚Ä¶ https://t.co/hgvxtacD7n,2019-04-11 19:30:26
NortheasternCOE,NU Giving Day Favorite Cause Challenge: Post about the school/unit/program that you think deserves extra Giving Day‚Ä¶ https://t.co/JzIK8SdCJ9,2019-04-11 17:30:36
NortheasternCOE,There is still time to raise money for your favorite student organization! |NU Giving Day Student Org. Pie in the f‚Ä¶ https://t.co/akN837zhcT,2019-04-11 15:37:52
NortheasternCOE,NU Giving Day Proud to be a Husky Challenge: Post "Why I'm proud to be a Husky‚Ä¶" between 12-2pm with the hashtag‚Ä¶ https://t.co/NRNCItJXft,2019-04-11 15:30:44
NortheasternCOE,Have questions about #NUGivingDay? Stop by Snell Engineering lobby for answers and swag| #nucoe‚Ä¶ https://t.co/3VbUK4LVMc,2019-04-11 15:03:19
NortheasternCOE,NU Giving Day Student Org. Pie in the face fundraiser: Make a donation to one of our engineering student organizati‚Ä¶ https://t.co/LljgV0R5VU,2019-04-11 14:30:35
NortheasternCOE,NU Giving Day Graduation Challenge: Post a picture from your Northeastern graduation day between 10-12am with hasht‚Ä¶ https://t.co/MOERaH2GY1,2019-04-11 13:30:33
NortheasternCOE,NU Giving Day Husky Pack for Life Challenge: Post a picture of you and your best friend or spouse you met at Northe‚Ä¶ https://t.co/Syd6vJEnaB,2019-04-11 09:30:22
NortheasternCOE,#Repost bcmcreativelabs (get_repost)|„Éª„Éª„Éª|Calling all kids ‚Äì Northeastern‚Äôs Fun Lab needs your help! Play-test 32 ph‚Ä¶ https://t.co/zicFsGXmsa,2019-04-09 21:06:14
NortheasternCOE,Ethan Flynn| E'18| used his love of space to find co-op jobs doing revolutionary work in that industry which landed‚Ä¶ https://t.co/hsbLOkrw80,2019-04-09 21:00:57
NortheasternCOE,RT @ResearchAtNU: From bodies to ocean waters. #Network systems expert @TommasoMelodia gives us a look inside. #IoT #FollowFriday #PAWR @No‚Ä¶,2019-04-08 20:41:26
NortheasternCOE,RT @Northeastern: Triple-negative #breastcancer is particularly aggressive. A new treatment method by this @NortheasternCOE researcher coul‚Ä¶,2019-04-08 20:41:21
NortheasternCOE,There is still some time left to check out the posters at RISE:2019 (Research| Innovation| and Scholarship Expo) in‚Ä¶ https://t.co/5zbbpgRjEY,2019-04-04 17:32:14
NortheasternCOE,RT @NU_ChemE: The NU AIChE ChemE Car team won 2nd place at the Northeast Regional Conference this weekend! Help support this team at the Na‚Ä¶,2019-04-03 17:34:10
NortheasternCPS,RT @PamWojnar: Congratulations to all the Master of Sports Leadership students inducted into the COSMA Chi Sigma Mu Honor Society| some of‚Ä¶,2019-04-19 18:42:19
NortheasternCPS,Congrats to our Sports Leadership students inducted into the Chi Sigma Mu @cosmaweb Student Honor Society for their‚Ä¶ https://t.co/zmbczGIyiG,2019-04-19 14:35:43
NortheasternCPS,RT @maryludden1: So honored to attend NEU‚Äôs Rainbow graduation ceremony and receive the gratitude award. You heard it here first...these st‚Ä¶,2019-04-19 12:43:48
NortheasternCPS,RT @Northeastern: #Northeastern in bloom. #NUexperience https://t.co/LsmOiED5vz,2019-04-18 12:47:18
NortheasternCPS,Congrats to Megan Doe| an alumna in our @msglobalstudies program| for being awarded a Fulbright Scholarship! üëèüëè https://t.co/y6p4LwStHx,2019-04-17 20:19:24
NortheasternCPS,RT @Northeastern_TO: Prof. Stephen Amato @biobizdoc| Director of our #RegulatoryAffairs program| shares 3 reasons why @Northeastern is a un‚Ä¶,2019-04-16 12:56:40
NortheasternCPS,RT @NU_Graduate: Dr. Earlene Aval√≥n of @NortheasternCPS explores the unique qualities that draw students to @Northeastern's health manageme‚Ä¶,2019-04-16 12:56:30
NortheasternCPS,RT @CPSComm: @NortheasternCPS delighted to learn of Olivia Huang's achievement -- an alumna of our Digital Media master's program https://t‚Ä¶,2019-04-16 12:55:50
NortheasternCPS,@JohnGruppo @NUBouve @NU_Business @GoNUathletics Thank you John!,2019-04-11 20:43:13
NortheasternCPS,RT @maryludden1: We can do it!! Please support our deserving students....they are doing great things to build inclusive prosperity! https:/‚Ä¶,2019-04-11 19:27:28
NortheasternCPS,RT @maryloeff: Just three gifts away from exceeding @NortheasternCPS Giving Day success in spring 2018--and six gifts away from 150 across‚Ä¶,2019-04-11 19:27:11
NortheasternCPS,RT @AlumniNU: Between 2 and 4 pm| post about the #Northeastern school| unit| or program that you think deserves extra Giving Day funds with‚Ä¶,2019-04-11 18:15:15
NortheasternCPS,RT @gse_neu: @NEU_EdD and @gse_neu students and alumni| check out this #NUGivingDay challenge today 2 - 4 pm Favorite Cause Challenge - Pos‚Ä¶,2019-04-11 18:15:06
NortheasternCPS,RT @TheRealDrKris: Your 2 clicks will have a lasting impact on students and their communities! Giving Day @Northeastern. Please help provid‚Ä¶,2019-04-11 16:14:21
NortheasternCPS,Hooray!  üëè https://t.co/68A7Pc1oEC,2019-04-11 16:12:19
NortheasternCPS,RT @DrKGRM: Did you know that today you can help unlock the #NUGivingDay challenge for #CPS? If the College of Professional Studies receive‚Ä¶,2019-04-11 14:42:48
NortheasternCPS,And congrats to our students| Martha Alexander| Nicholas Johnson| Taylor Niland and Laurence Wolfe for being honore‚Ä¶ https://t.co/AK8yutZy4d,2019-04-11 12:54:34
NortheasternCPS,RT @maryloeff: Dear friends of ‚Å¶@NortheasternCPS‚Å©| the TORCH IS LIT once more for Giving Day! Help us unlock all our challenges this Thursd‚Ä¶,2019-04-10 13:51:35
NortheasternCPS,Support students like Jonas Cabriotti on @Northeastern's Giving Day by donating to the college's Scholarship Fund‚Ä¶ https://t.co/2jxXNLVkaw,2019-04-05 15:46:56
NortheasternCPS,Make your gift today in support of @Northeastern's Giving Day! In the "select a category" box choose "College of Pr‚Ä¶ https://t.co/wAztwuIPWr,2019-04-04 20:29:06
NortheasternCOS,Congratulations to #Chemistry Professor Carolyn Lee-Parsons on receiving the University Teaching Award!‚Ä¶ https://t.co/83WOPbwEtY,2019-04-18 20:45:04
NortheasternCOS,This summer| Professors Emanuela Barberis and Toyoko Orimoto will be co-chairing the meeting of the Division of Par‚Ä¶ https://t.co/piC9FtAcnZ,2019-04-18 01:41:02
NortheasternCOS,RT @Northeastern: Meet #Northeastern's leaders among leaders. #NUexperience @TrumanApp @FulbrightPrgrm @JHIacono |https://t.co/1Tj6cse7qx,2019-04-17 14:34:13
NortheasternCOS,@NUMarSci has created a new series of online educational resources for science teachers https://t.co/z4eCBs667p,2019-04-16 19:10:05
NortheasternCOS,Over 100 @BostonSchools students participated in challenging math problems for Calculus Field Day https://t.co/W3hhsPxQh6,2019-04-16 17:09:01
NortheasternCOS,Leila Deravi has been working to investigate #squidcamouflage on a molecular level. Her work on the longfin squid r‚Ä¶ https://t.co/FXn2izVS9B,2019-04-16 15:16:39
NortheasternCOS,Cancer causes the protective cells around organs to turn jelly-like| according to new research https://t.co/8iDBTv0Idv,2019-04-12 21:07:00
NortheasternCOS,#NUGivingDay is almost over! Every dollar goes a long way. Think about the lives and programs that will be changed‚Ä¶ https://t.co/m0W9uhzZcz,2019-04-11 21:09:02
NortheasternCOS,Congratulations to Biology Professor Dagmar Sternad| who will be promoted to the rank of University Distinguished P‚Ä¶ https://t.co/6TPUkFTwJ4,2019-04-11 20:53:00
NortheasternCOS,Join your fellow Huskies and support COS today on Northeastern‚Äôs third annual Giving Day. From scholarships to acad‚Ä¶ https://t.co/CScsOZSs6s,2019-04-11 16:50:05
NortheasternCOS,Attention NU students! Be on the lookout for 10 stuffed huskies around campus ‚Äî they're worth $600 to the fund of y‚Ä¶ https://t.co/0zbFTgn73g,2019-04-11 15:48:03
NortheasternCOS,The Global Health Innovation Summit will focus on interdisciplinary collaborations between students to address issu‚Ä¶ https://t.co/MI46pxUlh3,2019-04-11 02:33:01
NortheasternCOS,Tomorrow we want to make our third annual #NUGivingDay the best one yet. Who‚Äôs with us?! https://t.co/CBvViB9vfe https://t.co/EgsTBTOTWr,2019-04-10 18:21:02
NortheasternCOS,RT @Northeastern: A half hour| three calculus problems and no calculator. That's an equation @BostonSchools students solve with help from @‚Ä¶,2019-04-10 15:34:02
NortheasternCOS,Mayor @marty_walsh dropped by for our Calculus Field Day| which has high school students from across @BostonSchools‚Ä¶ https://t.co/pOHSYZffHw,2019-04-09 20:26:02
NortheasternCOS,Congratulations to Isaac Kresse| COS '19| for receiving the 2019 Fulbright Scholarship! Isaac will be studying prot‚Ä¶ https://t.co/ulTFOtMwha,2019-04-09 19:07:01
NortheasternCOS,Visualizing Oceans: From the Coast to the Deep Sea is today! Come learn about underwater photography| robots explor‚Ä¶ https://t.co/1doxGzSHiH,2019-04-09 17:43:00
NortheasternCOS,RT @StevenLopez_neu: Super excited to receive notice that my Tier 1 grant from @NortheasternCOS and @NortheasternCOE was funded. I'm lookin‚Ä¶,2019-04-09 17:41:52
NortheasternCOS,Congratulations to #mathematics assistant professor Paul Hand for receiving a @NSF CAREER Award. With this award| n‚Ä¶ https://t.co/AfcUwBDnLC,2019-04-09 17:14:07
NortheasternCOS,On April 10th| check out research photos from @Northeastern students at Outside Gallery 360 from 4-6pm!‚Ä¶ https://t.co/AroKntpH6G,2019-04-09 00:55:01
NUCSSH,#NUCSSH Dean| Uta Poiger| announced the distinguished faculty and staff awards at the annual faculty and staff cele‚Ä¶ https://t.co/50dde58k1H,2019-04-19 18:33:31
NUCSSH,RT @ThomasVicino: Celebrating @Northeastern finest faculty and student accomplishment at Academic Honors Convocation. Congrats @NUPoliSci @‚Ä¶,2019-04-19 16:36:31
NUCSSH,RT @NUexperts: #Brexit has created a bond among the other E.U. member-states| says @keapuolani. This @NUPoliSci expert explains what the re‚Ä¶,2019-04-19 14:13:55
NUCSSH,RT @NU_SCCJ: Yesterday| Executive Director Ben Struhl of the @Northeastern research center CCR shared insight about how we typically respon‚Ä¶,2019-04-18 19:18:34
NUCSSH,RT @NUEcon: Town meetings target proliferation of plastic thanks to @CapePlasticBan initiative brought by @drmvenkatesan's non-profit Susta‚Ä¶,2019-04-18 16:02:43
NUCSSH,RT @Northeastern: Meet #Northeastern's leaders among leaders. #NUexperience @TrumanApp @FulbrightPrgrm @JHIacono |https://t.co/1Tj6cse7qx,2019-04-18 14:31:16
NUCSSH,Two undergrad #NUCSSH students| Benjamin Vanderlan and Michael Hu| recently had their letters published in the‚Ä¶ https://t.co/UNlBDerpXJ,2019-04-17 20:01:28
NUCSSH,RT @dancohen: As the tense process of Brexit winds on| I talk with Mai‚Äôa Cross (@keapuolani)| Professor @NUCSSH and a member of the Council‚Ä¶,2019-04-17 18:34:25
NUCSSH,Join @BARIboston and @MSNewEngland for a conference on "The Smart| Connected Commonwealth: Data-Driven Research and‚Ä¶ https://t.co/6AX0Q2l0Ft,2019-04-17 13:19:04
NUCSSH,RT @Northeastern: Analytic passion and quantitative skill. That's what this @NU_SCCJ researcher brings to #criminology| says @jamesalanfox.‚Ä¶,2019-04-16 19:00:27
NUCSSH,RT @TIMatNUGov: Distinguished @NUCSSH Professor @DavidLazer feels that even in today's extremely divisive political climate there is still‚Ä¶,2019-04-16 16:02:00
NUCSSH,RT @NUexperts: Gender has typically received far less attention than other demographic characteristics in #homicide research. #Criminology‚Ä¶,2019-04-12 20:09:05
NUCSSH,RT @ResearchAtNU: New findings by @NU_SCCJ researchers mark the longest evaluation of a randomized controlled experiment in the world. @NUC‚Ä¶,2019-04-12 16:40:24
NUCSSH,RT @nuhumanities: Fascinating Q&amp;A between @LurieInstitute Research Assoc. @IntersectedCrip| @utep Asst. Prof. Angela Frederick and @NUCSSH‚Ä¶,2019-04-12 16:39:41
NUCSSH,#NUCSSH student Sarah Bernt's article was recently published in the Berkshire Eagle! Sarah wrote the #OpEd as a par‚Ä¶ https://t.co/HJXTozblQO,2019-04-12 13:02:19
NUCSSH,RT @Northeastern: A study's findings sent shockwaves through the #criminology world. Decades later| these @NU_SCCJ researchers put them to‚Ä¶,2019-04-12 12:44:29
NUCSSH,THANK YOU to all who helped push us over the top in meeting our second #NUGivingDay challenge! With 50 gifts in the‚Ä¶ https://t.co/jZIjeAdN90,2019-04-11 20:30:58
NUCSSH,RT @AlumniNU: More than 50 gifts have been made to @NUCSSH between 12 and 4 pm| and an additional $30|000 has been unlocked for Liberal Art‚Ä¶,2019-04-11 20:03:02
NUCSSH,There's only 30 MINUTES LEFT to meet the CSSH challenge for Liberal Arts in the Digital Age. Help push us over the‚Ä¶ https://t.co/7YKGiMCEJM,2019-04-11 19:30:06
NUCSSH,Just an hour left to meet the CSSH: Liberal Arts in the Digital Age Initiatives Challenge! Share your support and h‚Ä¶ https://t.co/d3VdpehSlq,2019-04-11 19:00:50
NU_Business,RT @AlumniNU: #Northeastern alumnus Eric Hui has worked with passionate experts in product design| manufacturing| photography| and more to‚Ä¶,2019-04-19 18:06:23
NU_Business,#Spring in Boston = campus blooms &amp; constant changing weather ‚òÄÔ∏è‚õÖÔ∏èüåßüå±üå∑üåº‚òÇÔ∏è#damoremckim #NUexperience #Boston https://t.co/9QNkRpQZHZ,2019-04-19 17:53:20
NU_Business,Join the Northeastern University Center for Family Business on May 8 for a conversation with three family business‚Ä¶ https://t.co/KewzxrpH7q,2019-04-19 15:48:03
NU_Business,RT @EIXSocial: Proud of our @Northeastern team and their very cool product.  Here's more info about this #efest2019 winner and others: http‚Ä¶,2019-04-19 14:46:43
NU_Business,RT @PresidentAoun: Today| we celebrated @Northeastern's standout scholars| researchers| mentors| teachers and innovators for their academic‚Ä¶,2019-04-19 12:21:18
NU_Business,Missed the Center for Emerging Markets India Lecture Series with Raghuram Rajan? Watch the full event here!‚Ä¶ https://t.co/XGTpUGCw7w,2019-04-18 17:30:09
NU_Business,RT @rechambadi: Congratulations to @Northeastern students Vidhan Bhaiya and Danny Kim for winning the Global Impact Award at #efest2019 at‚Ä¶,2019-04-18 17:14:39
NU_Business,RT @Charlotte_NU: Dr. Raj Echambadi| Dunton Family Dean| of @NU_Business| presents on entrepreneurship and strategic innovation at @Charlot‚Ä¶,2019-04-18 15:29:44
NU_Business,RT @ECChewning: So proud of the #Mosaic graduating seniors at #Northeastern! Your leadership| entrepreneurial mindset| &amp; potential will pos‚Ä¶,2019-04-18 12:28:52
NU_Business,RT @Northeastern: 1954 ‚û°Ô∏è 2018||Only 15 days until we celebrate this year's graduating class! #NU2019 #NUexperience https://t.co/Vy7Ho5bNCz,2019-04-18 12:27:44
NU_Business,RT @Northeastern: Want your Snapchat filter design featured at commencement? Show your #Northeastern pride and enter this contest: https://‚Ä¶,2019-04-17 18:35:49
NU_Business,RT @AlumniNU: #Northeastern alumnus Eric Hui credits @NU_Business for giving him the skills necessary to successfully promote his small ind‚Ä¶,2019-04-17 18:02:06
NU_Business,RT @JIBSupdates: In a new review article| Aguilera| Marano &amp; Haxhi synthesize four decades of research about the international corporate go‚Ä¶,2019-04-17 14:43:29
NU_Business,RT @ConsultandCamps: Wakefield Memorial High School senior| Aidan Cusack| recently announced his decision to attend Northeastern University‚Ä¶,2019-04-17 12:28:36
NU_Business,RT @Northeastern: Meet #Northeastern's leaders among leaders. #NUexperience @TrumanApp @FulbrightPrgrm @JHIacono |https://t.co/1Tj6cse7qx,2019-04-17 12:20:01
NU_Business,RT @AlumniNU: #Northeastern alumnus Daniel Clarke turned his passion for supporting wildlife into ‚ÄúEscape the Zoo|‚Äù a wildlife media compan‚Ä¶,2019-04-16 19:02:53
NU_Business,RT @AlumniNU: .@NU_Business alumnus and Hawaii native Eric Hui followed his passion for surviving cold weather and founded his own outerwea‚Ä¶,2019-04-16 16:16:01
NU_Business,David Wesley and Sheila Puffer's study| "Mining and Corporate Social Responsibility: Newmont Mining Corporation|" w‚Ä¶ https://t.co/9zrJ90Fvxq,2019-04-16 15:05:02
NU_Business,Chris Robertson will evaluate how knowledge of cultural differences can help strengthen the competitive advantage o‚Ä¶ https://t.co/ZO42sZvv2n,2019-04-15 17:10:03
NU_Business,RT @Charlotte_NU: Registration is still open for our April 18 #LLGI "Building &amp; Sustaining Innovative Businesses" discussion with Dr. Raj E‚Ä¶,2019-04-15 14:20:01
NRHHatNU,Curious about how you can make a difference in Boston‚Äôs hunger scene? Be sure to check out Give 5 Week 2019: Take a‚Ä¶ https://t.co/GuJkqc2uZ7,2019-03-07 04:28:15
NRHHatNU,If you‚Äôre a GC member| please fill out https://t.co/6RkwkpusIF to let us know what your plans are next semester!,2018-11-27 16:25:40
NRHHatNU,Thank you so much to @HomecomingNU for all their support in packaging 25|000 meals today with @Rise2030! https://t.co/8ZTWqyyagt,2018-11-04 20:46:52
NRHHatNU,A huge thank you to everyone that came out to Huskies Fighting Hunger! Special thanks to @homecomingnu for the coll‚Ä¶ https://t.co/7l3VC0eGUQ,2018-11-04 18:51:32
NRHHatNU,RT @HomecomingNU: Look at all these huskies fighting hunger! #homecomingnu18 #nuhomecoming #nuhomecoming2018 https://t.co/nSUOpyDb1f,2018-11-04 18:48:39
NRHHatNU,Come out and help NRHH and Homecoming package 25|000 meals with Rise Against Hunger to combat hunger disparity worl‚Ä¶ https://t.co/yu5GSQ5ITI,2018-10-18 15:51:59
NRHHatNU,Elections for VPIA and VPS are happening TONIGHT in 102 WVG at 7:30! Come on out for pizza and democracy! https://t.co/bl07lWCp6N,2018-10-11 16:03:57
NRHHatNU,Hey| y'all! Hope you're all super hype for our first meeting tonight in 102 WVG at 7:30pm. We'll be catering El Pel‚Ä¶ https://t.co/cJMnAlPyDG,2018-09-13 13:19:41
NRHHatNU,Know a strong campus leader? Know someone that embodies recognition and service in their daily lives? Nominate them‚Ä¶ https://t.co/nv9ZE00TRI,2018-09-06 00:12:16
NRHHatNU,Tonight we dropped off 188 books and 21|000 printed invoices to the @prisonbookprog! Thank you to everyone who supp‚Ä¶ https://t.co/orpEKtVaFp,2018-04-27 01:24:28
NRHHatNU,It‚Äôs the last day of our Prison Book Program Drive and we have a lot of FREE cookies and book lights! Come check ou‚Ä¶ https://t.co/R4J5dyAhG7,2018-04-26 14:31:16
NRHHatNU,Tomorrow is our last book collection and printing day for the @prisonbookprog! Stop by the Library Quad from 11:30-‚Ä¶ https://t.co/aUvolrbBdu,2018-04-25 22:35:40
NRHHatNU,Visit us in the library quad today and tomorrow from 11:30am-3pm to donate your printing dollars and books! And hea‚Ä¶ https://t.co/lwHGUYpUNr,2018-04-23 17:29:14
NRHHatNU,Want to donate a book?! Go to the lobbies of @nuM1LK| @NUWestVillageA| @WestVillageBE| East Village| and Internatio‚Ä¶ https://t.co/vTIs1mGTqs,2018-04-23 01:46:45
NRHHatNU,Happy Day 2 of the Prison Book Program Drive! ||Throughout the drive stay tuned to learn more fun facts about the‚Ä¶ https://t.co/0Xm22dY6Zx,2018-04-20 14:50:09
NRHHatNU,Today was the first day of our @prisonbookprog drive and we already printed over 1000 invoices and collected over 5‚Ä¶ https://t.co/PSj7gycPVz,2018-04-19 21:35:28
NRHHatNU,Use this flyer to eat at or get takeout from UNOs all day and 20% will be donated to the Prison Book Program! https://t.co/QNDqOdNuHy,2018-04-19 17:50:58
NRHHatNU,The @prisonbookprog Print and Book Drive starts in 1 week! Check out the facebook event - https://t.co/IJXb245swJ https://t.co/S8cezA2IW9,2018-04-13 00:21:12
NRHHatNU,We can't wait for our @Prisonbookprog Drive to start 20 days! Want more information about the types of needed books‚Ä¶ https://t.co/uqjmF4ULJF,2018-03-31 22:04:48
NortheasternITS,Scheduled (Apr 18| 2019| 19:00 EDT): We will be undergoing scheduled maintenance related to Duo Services at this ti‚Ä¶ https://t.co/XUjYYwUxKE,2019-04-18 20:35:42
NortheasternITS,Resolved: The myNortheastern portal is back online. https://t.co/1NEOhpfhJd,2019-04-17 22:18:50
NortheasternITS,Investigating: We are currently investigating this issue. https://t.co/ZKiKPgkKx1,2019-04-17 20:19:19
NortheasternITS,Completed: The scheduled maintenance has been completed. https://t.co/Z4XXFjK9YV,2019-04-14 12:01:15
NortheasternITS,In Progress: Scheduled maintenance is currently in progress. We will provide updates as necessary. https://t.co/S9PdbgC7hy,2019-04-14 11:00:14
NortheasternITS,Scheduled (Apr 14| 2019| 07:00 EDT): Wired and wireless connections| including NUwave and NUnet| will be down for 1‚Ä¶ https://t.co/bEnHnT5mgr,2019-04-12 19:14:07
NortheasternITS,RT @GoNUathletics: Thank you so much to each and every one of you who donated on  #NUGivingDay! We are humbled by the consistent support of‚Ä¶,2019-04-12 14:12:56
NortheasternITS,Resolved: This incident has been resolved. Thank you for your patience. https://t.co/D49MmGutZa,2019-04-10 01:19:35
NortheasternITS,Monitoring: Our ACD vendor five9 is back online and the ITS Service Desk phone line is back to operational. https://t.co/hUbQxazrUv,2019-04-10 00:46:41
NortheasternITS,Investigating: While this issue is being resolved| customers may still get ITS support at help@northeastern.edu or‚Ä¶ https://t.co/P1e80SMcw8,2019-04-09 23:22:44
NortheasternITS,Investigating: Our automated call distribution service vendor is experiencing an outage. The ITS Service Desk phone‚Ä¶ https://t.co/Abjm5LIEuO,2019-04-09 23:19:34
NortheasternITS,@ClubSnell Thanks for the demonstration today and for sharing more information on Leganto!,2019-04-09 20:28:40
NortheasternITS,RT @ClubSnell: Library staff gave a presentation about Leganto| our online course reserves platform| today at #NUTexpo19! Faculty| you can‚Ä¶,2019-04-09 20:27:35
NortheasternITS,RT @DarinDetwiler: Great sharing of instructional tech strategies today!  @guardian showed how VR is redefining ‚Äòlearning environments.  To‚Ä¶,2019-04-09 20:26:37
NortheasternITS,It's a wrap! Thanking all of our presenters and attendees! See you next year #NUtexpo19 https://t.co/F1QJUYpfnb,2019-04-09 20:12:35
NortheasternITS,Live teaching is just beginning| it will be more widespread in the future - Ram Hariharam giving a virtual presenta‚Ä¶ https://t.co/4TijHOL92g,2019-04-09 19:32:20
NortheasternITS,What we've learnt is: |1-Triangulation of data is important| one source is not enough for conclusive assessment|2-T‚Ä¶ https://t.co/0IYA3KuWva,2019-04-09 18:30:27
NortheasternITS,Assessment is supported by technology to cover the entire solar system of education| when the assessment is done fo‚Ä¶ https://t.co/saTSfOxAqX,2019-04-09 18:06:47
NortheasternITS,3 words students used for Teams for classroom use: Communicating| Collaborating| Connecting. #NUtexpo19,2019-04-09 17:56:51
NortheasternITS,During a pilot of Teams for her writing classes| Kat found that Teams allows for informal chats| encourages discuss‚Ä¶ https://t.co/FKRHHicDh2,2019-04-09 17:55:26
NortheasternGEO,Ranked among the top 1% of universities worldwide| NTU places students in an academically stimulating environment t‚Ä¶ https://t.co/s5YNrbvRvV,2019-04-21 19:55:14
NortheasternGEO,The US-India Knowledge Exchange is establishing new innovation and entrepreneurship hubs within Indian institutions‚Ä¶ https://t.co/XmvX8lk4ZU,2019-04-19 21:16:59
NortheasternGEO,Congratulations to Northeastern University Professor| Daniel Aldrich who has received a grant to help offset studen‚Ä¶ https://t.co/ZRrkPNgRZ0,2019-04-18 14:15:17
NortheasternGEO,RT @AlumniNU: .@NortheasternGEO has received 50 gifts and unlocked an additional $3|000 to help first-time travelers have global experience‚Ä¶,2019-04-18 00:27:15
NortheasternGEO,Notre Dame Cathedral is a historic landmark that just might have avoided devastating destruction thanks to its trad‚Ä¶ https://t.co/ARSBexQ9FI,2019-04-17 22:11:16
NortheasternGEO,Time to prepare for your adventure! Our Pre-Departure Orientation for students participating in a traditional study‚Ä¶ https://t.co/GfbGiNQ4qJ,2019-04-17 14:02:38
NortheasternGEO,Parks in Rome - Katrina Kalamar - Week 7 https://t.co/JgoKQrAnxz via @YouTube,2019-04-16 18:05:21
NortheasternGEO,Research shows that new countries emerging as study abroad hot spots. Read more about which countries are growing i‚Ä¶ https://t.co/Iq43z2348c,2019-04-16 14:47:30
NortheasternGEO,‚ÄúWe want students to learn how they can best interact with global health...we really want to highlight the true int‚Ä¶ https://t.co/aZVWXD71wK,2019-04-15 19:21:05
NortheasternGEO,The Study Abroad Programme at the University of Limerick provides students from around the world with an opportunit‚Ä¶ https://t.co/t9CTorb0O1,2019-04-14 18:01:09
NortheasternGEO,With the 2016 referendum vote| the U.K. began the process of exiting the European Union by March of 2019. British l‚Ä¶ https://t.co/Hdqd6F7bbv,2019-04-12 19:49:09
NortheasternGEO,What is Dialogue - Students https://t.co/mzbVzSDy0X via @YouTube,2019-04-12 13:53:34
NortheasternGEO,GEO unlocking #NUGivingDay challenges like‚Ä¶ https://t.co/nUyFmaK9ZU,2019-04-11 21:31:52
NortheasternGEO,Preparing for a traditional study abroad or dialogue program this summer? Here are 10 common mistakes made while st‚Ä¶ https://t.co/qiLS1BxbXi,2019-04-11 19:46:05
NortheasternGEO,Come on out and show your #NUGivingDay support| Huskies! Find us online https://t.co/yy8V59VGIJ or on campus today. https://t.co/XHYBeYpDYQ,2019-04-11 17:02:05
NortheasternGEO,Time to prepare for your adventure! Our Pre-Departure Orientation for students participating in a traditional study‚Ä¶ https://t.co/qHUmeHXsHf,2019-04-10 19:36:04
NortheasternGEO,Who else will be waking up like this tomorrow?! #NUGivingDay https://t.co/TF5Me9EkAh,2019-04-10 18:05:07
NortheasternGEO,‚ÄúOur global approach to education ensures that we will always be with our learners| throughout their lives and wher‚Ä¶ https://t.co/k64NdefNtj,2019-04-10 16:59:43
NortheasternGEO,Join GEO| OGS and Co-op Connections next Wednesday April 17th at 12pm in 318 Curry for Beyond Borders: China! We wi‚Ä¶ https://t.co/t1C6uBQTtu,2019-04-10 16:06:03
NortheasternGEO,Don't forget to register for Beyond Borders! Free lunch| engaging conversation and a great opportunity to network!‚Ä¶ https://t.co/1chx5SqJbN,2019-04-10 14:17:01
ClubSnell,It‚Äôs Finals Week‚Ä¶take a study break at our lobby tables with coloring and Legos all week! Pop some bubble wrap| gra‚Ä¶ https://t.co/vVLy1kBGE4,2019-04-19 13:58:53
ClubSnell,RT @podcastwhatsnew: Our final podcast of our second season is out now! https://t.co/MAKMwsmDlu Featuring @keapuolani of @NUCSSH üì∏by Martin‚Ä¶,2019-04-16 18:06:19
ClubSnell,Congratulations to our colleague Janet Morrow! She received this award from the Association for Library Collections‚Ä¶ https://t.co/uG7QfJWd9L,2019-04-16 13:29:49
ClubSnell,On 4/17| Professor David Herlihy‚Äôs MUSI3333 course on The Record Industry will be showcasing their final music vide‚Ä¶ https://t.co/PV6EMiShxh,2019-04-12 18:00:02
ClubSnell,Thank you so much to everyone who gave a gift to the Library yesterday on #NUGivingDay. We received 203 gifts total‚Ä¶ https://t.co/pHIeCXUxbP,2019-04-12 15:57:17
ClubSnell,There are still two hours left to make your gift to Snell Library as part of #NUGivingDay if you haven‚Äôt already! https://t.co/zuKpMv12W9,2019-04-12 02:00:00
ClubSnell,The most alumni challenge is ending at 10 pm! Even small contributions can help us win this final challenge! (Remem‚Ä¶ https://t.co/Hs2ovxBeCB,2019-04-12 01:26:46
ClubSnell,New #NUGivingDay challenge: Help us unlock an extra $5|000 for being the fund with the most alumni donations betwee‚Ä¶ https://t.co/hF5SF47uEP,2019-04-11 23:00:00
ClubSnell,We unlocked the #NUGivingDay Club Snell challenge before noon today by receiving 50 gifts| earning an additional $1‚Ä¶ https://t.co/GVDpmQDW2F,2019-04-11 22:00:00
ClubSnell,Another #SnellPet celebrating #NUGivingDay! https://t.co/jPtkeMfm1E,2019-04-11 21:51:01
ClubSnell,Thanks to all the students who contributed at our #NUGivingDay table in the lobby of Snell Library! We know you got‚Ä¶ https://t.co/YdJYI4lGtH,2019-04-11 20:56:15
ClubSnell,More #SnellPets for #NUGivingDay! https://t.co/QFduCIAaVb,2019-04-11 20:19:01
ClubSnell,We may need to start a new Twitter account called Pets of Snell Library‚Ä¶ ü§îüòª #NUGivingDay https://t.co/KiU3v9Ebwi,2019-04-11 20:13:04
ClubSnell,Cats like to sit on laps| so it makes sense that Patches here has one of our laptop stickers on her head| right? Sh‚Ä¶ https://t.co/fCDNnF2pi7,2019-04-11 20:04:05
ClubSnell,Check out these Northeastern bunnies! They live with Deb Smith| our Dean Dan Cohen‚Äôs Executive Assistant| and wante‚Ä¶ https://t.co/Mtm1PDFAf4,2019-04-11 20:03:00
ClubSnell,It‚Äôs the Family Spirit Challenge from 4:00 to 6:00 PM EDT! Post a picture of your family| kids| baby or pet in Nort‚Ä¶ https://t.co/NXm7zD7oSB,2019-04-11 20:00:01
ClubSnell,Share a post on social media between 2:00 and 4:00 PM EDT about the school/unit/program that you think deserves ext‚Ä¶ https://t.co/YeHtuQZVTJ,2019-04-11 18:00:01
ClubSnell,Thank you!! #NUGivingDay https://t.co/QWzCYbb4XT,2019-04-11 16:52:44
ClubSnell,Share a post on social media between 12:00 and 2:00 PM EDT about "Why I'm proud to be a Husky‚Ä¶" with the hashtag‚Ä¶ https://t.co/HfyVGcWB0H,2019-04-11 16:00:03
ClubSnell,The Class of 2018 alumni challenge is ending soon! https://t.co/5uPQOYO6M8,2019-04-11 15:32:33
northeasternpd,Ofc. Sean McCarthy (c) &amp; his daughter| wife| &amp; son (l to r) ran the ‚ÄúRyan Shaw Memorial Run‚Äù yest w/ @KD_Pikes‚Äô Pat‚Ä¶ https://t.co/aF0DiKxDMT,2019-04-21 18:58:54
northeasternpd,We celebrate &amp; thank those telecommunications personnel| esp those at NUPD| for the job they do every day. They‚Äôre‚Ä¶ https://t.co/uefsLoDEZs,2019-04-19 19:01:36
northeasternpd,We so value the relationship we have with the hundreds of Northeastern Facilities employees. It was our pleasure ye‚Ä¶ https://t.co/6ywpGYbPre,2019-04-19 19:00:24
northeasternpd,#NUPDFunnyFriday with NU Facilities; Take Your Kids to Work Day. https://t.co/HK4iby3SN1,2019-04-19 16:02:07
northeasternpd,@fithusky Sounds great @fithusky! The Point of Contact can be Sgt. Farrell| j.farrell@northeastern.edu| (617) 373-5402. We'd welcome that!,2019-04-18 12:42:49
northeasternpd,Correction: the 5k is this SATURDAY not Sunday.,2019-04-18 00:14:16
northeasternpd,Ofc. Sean McCarthy was challenged by student Patricio De La Fuente Garza| of Pi Kappa Alpha to run the 3rd annual "‚Ä¶ https://t.co/phsoJ1MOck,2019-04-17 20:23:18
northeasternpd,Last day of classes and Finals are coming. Don't tense up! You've got this Huskies! https://t.co/llsXFecsM5,2019-04-17 16:31:27
northeasternpd,There was a mini-reunion of student employees| past and present| at lunchtime today in the Community Engagement off‚Ä¶ https://t.co/parqMveRKr,2019-04-16 19:23:08
northeasternpd,Wonderful on-campus event scheduled for Sunday 10AM-noon. #SuicidePrevention https://t.co/qRQwEEzo3E @afspnational.‚Ä¶ https://t.co/7qWJKS3P4H,2019-04-12 15:37:34
northeasternpd,Students (l to r) Avital &amp; Sanya complained that we hadn't posted a #NUPDFunnyFriday in quite a while so we put the‚Ä¶ https://t.co/JRXdP28LjC,2019-04-12 15:08:48
northeasternpd,.#PatriotsDay in #Boston is always busy. If you're planning on being out and about in Town #MarathonMonday| have fu‚Ä¶ https://t.co/pn1iW4NZtT,2019-04-12 14:39:02
northeasternpd,Our friends from @RedCrossBloodMA are finishing up at the blood drive in the student center. They report a busy tur‚Ä¶ https://t.co/1DCkq6Njkz,2019-04-11 18:54:39
northeasternpd,As you study and prepare for finals week| please remember to take care of your belongings. Do not leave your stuff‚Ä¶ https://t.co/sNnGpCKaKT,2019-04-10 17:01:22
northeasternpd,The @RedCrossBloodMA is in dire need of blood donations! Join us tomorrow| Apr. 11th| betw 9:30AM - 2:30PM| McLeod‚Ä¶ https://t.co/MN1ejXO7mP,2019-04-10 15:40:38
northeasternpd,With promo like this| is it any wonder why we ran out of coffee &amp; hot chocolate? Was great to meet n‚Äô greet so many‚Ä¶ https://t.co/8Ck7JfOkXd,2019-04-10 14:57:05
northeasternpd,The @RedCrossMA needs to keep their much needed supply of blood topped off. We aim to help by sponsoring a‚Ä¶ https://t.co/QPvzlJ2Lio,2019-04-09 15:02:31
northeasternpd,If you‚Äôre going to be in #Boston on #PatriotsDay| Monday 15th April| here‚Äôs some important info from @bostonpolice‚Äô‚Ä¶ https://t.co/E21iwpWos4,2019-04-09 14:27:45
northeasternpd,Cyclists &amp; pedestrians| it's back!! Mark your calendars for Wednesday| April 10th. We'll be next to International V‚Ä¶ https://t.co/A66ElzFpw3,2019-04-09 13:01:19
northeasternpd,To learn more about registering your bike or electronic device| visit https://t.co/KGb8qmfKY4 https://t.co/NvQ4ht5Aed,2019-04-08 14:02:15
ResearchAtNU,An expert in #biosignals| @jamesheathers' research stems from his obsession with turning biological data into human‚Ä¶ https://t.co/ged16iqbgQ,2019-04-19 15:00:02
ResearchAtNU,The media is tougher on female 2020 candidates finds @NUjournalism study. https://t.co/MJW2qauIgU,2019-04-18 15:34:28
ResearchAtNU,RT @nytimes: Driven by gun violence| homicides by intimate partners are increasing after almost 4 decades of decline| a new study found. ht‚Ä¶,2019-04-12 18:44:20
ResearchAtNU,How can interactive #videogames help combat #obesity? That's the focus for #healthtechlab director @amyshironglu.‚Ä¶ https://t.co/Xr3lrDsIDw,2019-04-12 13:00:02
ResearchAtNU,RT @MarshallProj: Recent research by a Northeastern University criminologist using data obtained from the FBI asserted that intimate partne‚Ä¶,2019-04-11 17:32:04
ResearchAtNU,New findings by @NU_SCCJ researchers mark the longest evaluation of a randomized controlled experiment in the world‚Ä¶ https://t.co/hpv2sQhqe0,2019-04-11 14:00:01
ResearchAtNU,RT @LFeldmanBarrett: Dear friends: Yesterday| I learned that I've been awarded a Guggenheim Fellowship in neuroscience. Honors like these a‚Ä¶,2019-04-11 13:50:59
ResearchAtNU,We're always ready for #research at @Northeastern. #NUexperience https://t.co/VpvkI38gSg,2019-04-10 12:05:01
ResearchAtNU,How do low-oxygen environments affect immune cells? This @Northeastern researcher wants to know. @NSF @NU_ChemE‚Ä¶ https://t.co/FWlKmE9Aq1,2019-04-09 23:30:00
ResearchAtNU,RT @GriffissInst: Northeastern University| in partnership with the Navy and Air Force| opens state-of-the-art drone testing facility on its‚Ä¶,2019-04-09 16:43:38
ResearchAtNU,Gun killings among intimate partners may be on the rise| find @NU_SCCJ researchers. Are they a sign of an upward tr‚Ä¶ https://t.co/D1hrxvSdnZ,2019-04-09 15:15:00
ResearchAtNU,RT @PresidentAoun: A new flight facility at @Northeastern‚Äôs Kostas Research Institute for Homeland Security allows for safe and accurate te‚Ä¶,2019-04-09 12:45:30
ResearchAtNU,#GotResearch? These @Northeastern students do. @CRIatNU |https://t.co/6f7QECRR8J,2019-04-05 19:30:00
ResearchAtNU,From bodies to ocean waters. #Network systems expert @TommasoMelodia gives us a look inside. #IoT #FollowFriday‚Ä¶ https://t.co/Hfd0DRDUlu,2019-04-05 16:20:00
ResearchAtNU,New @Northeastern research finds that Facebook‚Äôs ad delivery algorithm is inherently biased| even when advertisers‚Ä¶ https://t.co/eg0ULszKw5,2019-04-04 13:57:32
ResearchAtNU,Researchers demonstrate a new way to target triple-negative breast cancer that simultaneously delivers a cancer-kil‚Ä¶ https://t.co/4cmX4tS6ds,2019-04-02 14:37:27
ResearchAtNU,RT @scicoalition: #ThankstoScience| @NIH| and @Northeastern: The antibiotic teixobactin is now in late-stage preclinical development at Nov‚Ä¶,2019-04-01 19:10:18
ResearchAtNU,.@NUBouve's @ampeckham is an #addiction specialist at @MGHMedicine and a leading researcher in the international cl‚Ä¶ https://t.co/DAShAZHcNw,2019-03-29 17:19:00
ResearchAtNU,A prototype developed by this @NUBouve #healthcare innovator makes drug delivery easier for nurses and safer for pa‚Ä¶ https://t.co/Aaj3fVP01V,2019-03-27 14:00:03
ResearchAtNU,#Ethnographic researcher @BucarLiz explores the religious dimensions of clothing and body modifications.‚Ä¶ https://t.co/naZ3dKMVRY,2019-03-22 18:00:02
NU_HRL,Are you moving out this week? Do you know your parking| driving| and hamper information? https://t.co/P0TMNSKVDM,2019-04-21 20:45:08
NU_HRL,Attention incoming first years! Which LLC is right for you? Take the quiz! https://t.co/asfPeDdL6h https://t.co/S2kp3dANMb,2019-04-19 14:13:07
NU_HRL,Are you planning your move-out or move-to-from? Know the hamper times and locations! https://t.co/P0TMNSKVDM https://t.co/YUNatwF98S,2019-04-18 14:14:19
NU_HRL,RT @NUStudentLife: Happy last day of classes huskies! Head to our instagram @ huskystudentlife at noon for a special giveaway to celebrate‚Ä¶,2019-04-17 14:37:42
NU_HRL,Are you looking for summer storage? https://t.co/jr4kRQ6u0g https://t.co/ON30Y128KB,2019-04-16 20:36:48
NU_HRL,Do you know you moving key terms? https://t.co/BHf9K4MbN6,2019-04-16 19:44:35
NU_HRL,Upperclassmen: The summer II cancellation deadline has passed| now what? https://t.co/QZ7tplTJo5 https://t.co/HiF47jj7qY,2019-04-16 13:02:32
NU_HRL,Upperclassmen! Reminder today is the deadline to cancel your Summer II housing with no penalty.‚Ä¶ https://t.co/SmYBZAlvgL,2019-04-15 13:02:29
NU_HRL,Fire Safety Friday! Here are some extension cord safety tips! https://t.co/Xm0hZTFfJB,2019-04-12 20:01:36
NU_HRL,Incoming First Years! Do you have questions about the Housing process for next Fall? @NUAdmissions @NUOrientation https://t.co/aIuOHAhqpK,2019-04-12 16:30:41
NU_HRL,Housing Speare Central Offices will be open on Patriots Day Monday| April 15th from 10am-3pm. Good Luck to everyone‚Ä¶ https://t.co/xe3sZzPo0p,2019-04-12 13:50:08
NU_HRL,RT @NortheasternRSO: #NUHuskies remember to always bring your Husky Card if you will be out between 3AM -6AM to get into your residential h‚Ä¶,2019-04-08 13:39:49
NU_HRL,Incoming students! Are you attending welcome days this weekend? We have Housing and Residential Life Staff tabling‚Ä¶ https://t.co/oP8zxMiss9,2019-04-06 20:58:59
NU_HRL,Fire Safety Friday! Make sure you're up to speed on fire escape protocol! https://t.co/wn6v17oqrP,2019-04-05 20:00:39
NU_HRL,Support the #HowlinHuskies this afternoon at the Watch Party for the Frozen Four! https://t.co/XTiaFBM69a,2019-03-30 15:00:34
NU_HRL,Upperclassmen: are you choosing housing today for Summer I during General Selection? https://t.co/SVpe7jnQaW https://t.co/ZUt5jTo872,2019-03-29 13:01:00
NU_HRL,Upperclassmen are you selecting Summer I housing today during Group Selection? https://t.co/SVpe7jnQaW https://t.co/dw2Ge8Ricj,2019-03-27 12:46:45
NU_HRL,Upperclassmen: The Summer I deadline has passed| have your plans changed since you applied for housing for other te‚Ä¶ https://t.co/A6OW0G7xhe,2019-03-25 14:40:14
NU_HRL,Do you have vacancies in your apartment for summer I? https://t.co/SVpe7jnQaW https://t.co/aiLZn4rKj2,2019-03-25 13:00:52
NU_HRL,Do you have vacancies in your apartment for summer I? https://t.co/SVpe7jnQaW https://t.co/Y7NwT0h5St,2019-03-23 18:04:33
NUSL,RT @NUexperts: Why a lack of obscurity is a threat to your #privacy via @hartzog @PrivacyProject @nytimes. https://t.co/trjd3hTlCs,2019-04-18 17:03:27
NUSL,‚ÄúIn our status-obsessed culture| it can be hard to appreciate that the opposite of obscurity isn‚Äôt fame| but chilli‚Ä¶ https://t.co/dAPDLeI2hu,2019-04-18 12:00:26
NUSL,RT @NUSLHealth: Thrilled to collaborate once again with @WeekinHealthLaw for our annual #healthlaw conference! This year's theme #Promisesa‚Ä¶,2019-04-18 07:17:56
NUSL,RT @NUSLclic: Want to learn more about the issues and challenges with #FRT? Join @hartzog and @EvanSelinger on May 10| as they bring togeth‚Ä¶,2019-04-18 06:57:26
NUSL,Professor Richard Daynard| president of @PHAIatNUSL| predicts the social and financial costs of legalized‚Ä¶ https://t.co/wRDFTFOX7W,2019-04-18 06:41:15
NUSL,RT @nicolasterry: New @weekinhealthlaw #podcast w/ @IgnacioCofone @CEHaupt @jrobertsuhlc @a_rutschman discussing @NUSLHealth @NUSL #Promise‚Ä¶,2019-04-17 22:48:31
NUSL,RT @BeccaRauschMA: I'm thrilled to speak about the challenges and rewards of serving in public office next month at @NUSL‚Äôs Women in the La‚Ä¶,2019-04-17 20:48:51
NUSL,RT @TeamTram: Excited to come back to my alma mater with @Rep_Higgins &amp; Sen @BeccaRauschMA to speak about the challenges and rewards of bei‚Ä¶,2019-04-17 20:48:31
NUSL,RT @NUSLclic: Different uses of face recognition create different risks. The Perpetual Lineup offers a framework to tell them apart. Learn‚Ä¶,2019-04-17 18:32:30
NUSL,Attention Students: Applications for the Summer 2019 Alumni/ae Association Board Stipend Award are due by May 2 at‚Ä¶ https://t.co/bdzRYoktEQ,2019-04-17 11:06:18
NUSL,RT @SiriNYC: So #grateful for this #honor and for all of the  #support I get from @NUSL. So #Proud! https://t.co/UzXyqvS5q3,2019-04-17 10:39:20
NUSL,RT @NUSLclic: How does @SueGlueck speak to scholars and researchers about Microsoft‚Äôs 6 Principles to Guide Facial Recognition Development?‚Ä¶,2019-04-17 10:38:44
NUSL,RT @NUSLclic: "Law enforcement face recognition networks include over 117 million American adults.  Learn more from @clareangelyn when she‚Ä¶,2019-04-16 18:08:23
NUSL,RT @KaraWSwanson: #looklikealeader @NUSL-style.  #NUSLpride #WIL2019 https://t.co/EoXB18pdyZ,2019-04-16 17:23:01
NUSL,RT @MassBar: We are proud to announce that @NUSL student Anna Shaddae Rodriguez will receive the MBA's 2019 Oliver Wendell Holmes Jr. Schol‚Ä¶,2019-04-16 16:34:34
NUSL,Register today to secure your spot at #WIL2019! https://t.co/QFNJkWd6vG https://t.co/RUzvU0tNio,2019-04-16 14:48:08
NUSL,Congratulations to Siri Nelson ‚Äô19| who was selected as one of @Northeastern's Huntington 100 Award 2019 recipients‚Ä¶ https://t.co/h0TONky76h,2019-04-16 14:17:08
NUSL,Tomorrow at 5PM! Alfred Brownell| @PHRGE Distinguished Scholar in Residence and a leading defender of environmental‚Ä¶ https://t.co/W7wgczePli,2019-04-16 12:30:32
NUSL,RT @NUSLclic: Attorney @Lynch_Jen| Surveillance Litigation Director @EFF| comes to @NUSL #AboutFace: The Changing Landscape of Facial Recog‚Ä¶,2019-04-16 12:22:24
NUSL,RT @NUSLclic: We welcome @OneKade| Director of Technology for Liberty Program @ACLU_Mass &amp; @MediaLab Fellow| to @NUSL #AboutFace: The Chang‚Ä¶,2019-04-16 12:22:20
NortheasternSGA,Results for the Association's 2019 Direct Elections can be found below and on our website: https://t.co/gOLjtmiVPv,2019-04-12 19:53:48
NortheasternSGA,Though the collaboration of the Association| Dining Services| and Student Affairs| changes have been made to the me‚Ä¶ https://t.co/0YO2eG15R7,2019-04-09 15:26:54
NortheasternSGA,RT @HuntNewsNU: #BREAKING: SGA announced tonight that the meal plan options will change to 7| 12| 17 and unlimited meals per week| starting‚Ä¶,2019-04-09 15:26:14
NortheasternSGA,Following a unanimous vote during its Senate meeting on 4/1| the Association plans to reduce its internal budget by‚Ä¶ https://t.co/7rnF2Twifa,2019-04-02 20:14:19
NortheasternSGA,RT @NortheasternCUP: 2 WEEKS till Springfest Rewind 2019! #SFRewind https://t.co/dvJyUyZdEr,2019-03-21 17:40:22
NortheasternSGA,Memo regarding the five referenda questions which passed during our Senate meeting on Monday: https://t.co/oowa1bWxKp,2019-03-21 17:39:52
NortheasternSGA,RT @Northeastern: With #lifelonglearning| #Northeastern students will shape the future instead of being shaped by it says @PresidentAoun. @‚Ä¶,2019-02-26 21:49:00
NortheasternSGA,Official results of our internal EVP election: https://t.co/SgwSN6wk5S,2019-01-16 00:06:24
NortheasternSGA,Statement from Northeastern's Student Government Association in response to The Huntington News' article from earli‚Ä¶ https://t.co/UuU1uzh3rL,2018-11-30 01:08:37
NortheasternSGA,Doing anything special this Friday? Come celebrate the arts and student artwork with us! https://t.co/2KrpfdiQvV,2018-11-26 23:27:28
NortheasternSGA,RT @NortheasternOEM: NU ALERT: Kennedy Hall is now open to residents.,2018-10-27 23:03:16
NortheasternSGA,RT @northeasternpd: NU ALERT: Active fire AT 104 HEMENWAY ST;  WE ARE ABOUT TO EMPTY OUT KENNEDY HALL ONLY  RESIDENTS THERE ARE ASKED TO EX‚Ä¶,2018-10-27 20:48:09
NortheasternSGA,RT @NortheasternOEM: NU ALERT: ANYONE AFFECTED BY THE FIRE AND WILL BE IN NEED HOUSING: PLEASE MAKE YOUR WAY TO THE MARINO CENTER ATRIUM AS‚Ä¶,2018-10-27 20:28:33
NortheasternSGA,RT @northeasternpd: NU ALERT: Active fire at 108 Hemenway Street. Please avoid the area. Listen to direction of emergency personnel. Update‚Ä¶,2018-10-27 20:25:21
NortheasternSGA,RT @BostonDotCom: Meet the students who paid $9 for World Series Game 1 tickets https://t.co/h3MBZsLh8Q https://t.co/WxpzV4HFra,2018-10-25 14:58:22
NortheasternSGA,Visit https://t.co/jZXnfWtnz6 for more information on how to register| absentee ballots and your current registrati‚Ä¶ https://t.co/jiMuE3GBru,2018-10-17 20:27:04
NortheasternSGA,Are you on the same level as Mindy right about now? Stop by Centennial tomorrow from 11am-3pm| we might have just t‚Ä¶ https://t.co/uX1AZivf8U,2018-10-16 21:29:07
NortheasternSGA,Midterms and the co-op search got you down? Stop by Centennial on Wednesday for a quick pick-me-up:‚Ä¶ https://t.co/20GlVrYlNh,2018-10-15 21:09:56
NortheasternSGA,@MauraSPT_NEU @NUPTMRS @APTAnsc @_hcfoundation @Aptaofma We‚Äôre thrilled to have been able to help| and are super ha‚Ä¶ https://t.co/ctvpTPuTrW,2018-10-15 21:06:48
NortheasternSGA,RT @WhenWeAllVote: Today is the LAST DAY to register to vote if you live in these states.||Text WeAllVote to 97779 or go to https://t.co/Tg‚Ä¶,2018-10-09 21:29:11
NUStudentLife,RT @NUDining: Levine Marketplace will close at 7:30PM April 23rd to bring Finals Fuel| reopening 9PM-11PM #FinalsFuelNU https://t.co/71Sjxi‚Ä¶,2019-04-21 17:48:45
NUStudentLife,RT @NUDining: Wasting food wastes everything #StopFoodWasteDay #SaveTheFood https://t.co/4qiMv7oyEs,2019-04-20 19:45:50
NUStudentLife,Finals week is here - good luck huskies! https://t.co/4YxW2l556p,2019-04-19 15:49:28
NUStudentLife,Need a study break? Head to @NU_CCrossroads tonight for some snacks from Milk Bar with @SpoonNEU ! Click the link b‚Ä¶ https://t.co/EjjCx2HTIF,2019-04-18 18:25:09
NUStudentLife,RT @CIENortheastern: Come through tomorrow to de-stress for finals. We‚Äôll have games| music| and refreshments throughout the day! ||We‚Äôll b‚Ä¶,2019-04-17 18:16:03
NUStudentLife,Another #wheresryder contest is starting NOW! https://t.co/FHdM1ATde7,2019-04-17 16:01:10
NUStudentLife,Celebrate Earth Day early in the Snell Library Quad starting now to talk about sustainability on campus with coffee‚Ä¶ https://t.co/lwlOYjhUQa,2019-04-17 15:00:01
NUStudentLife,Happy last day of classes huskies! Head to our instagram @ huskystudentlife at noon for a special giveaway to celeb‚Ä¶ https://t.co/UOdLHMP5an,2019-04-17 14:26:21
NUStudentLife,Calling all graduating seniors! Click the link below to take your Destination Survey for the chance to win gift car‚Ä¶ https://t.co/SBbxz3BqXW,2019-04-16 18:46:21
NUStudentLife,TONIGHT: get all fancy and get yourself over to Blackman for the #HowlinHuskies Awards| honoring the top athletes o‚Ä¶ https://t.co/82qZRyWmUg,2019-04-16 13:34:46
NUStudentLife,RT @NUDining: Please note the hours of operation for Finals Week (April 18‚Äì26| 2019) https://t.co/AFx9outSdp https://t.co/pQVXf2g4Rq,2019-04-15 21:09:07
NUStudentLife,RT @CityOfBoston: Today| we honor #Boston's resilience| generosity| &amp; strength. #OneBostonDay||&amp; best of luck to all of the #BostonMarathon‚Ä¶,2019-04-15 13:30:39
NUStudentLife,RT @Northeastern: Where did we see #JonSnow last? This #dataviz tracks the travels of #GameofThrones characters. #GoTS8 #WinterisHere @Game‚Ä¶,2019-04-14 17:24:11
NUStudentLife,Don't miss @NULASO Latinx Culture Show starting in an hour in Afterhours! |https://t.co/rI1yx4r9Hs,2019-04-13 14:36:00
NUStudentLife,The last week of classes is upon us! Check out all the ways to celebrate the end of the semester when you're‚Ä¶ https://t.co/hwLAGN97MD,2019-04-12 16:21:00
NUStudentLife,RT @NUDining: Please note the hours of operation for Patriots‚Äô Day (April 11‚Äì17| 2019) https://t.co/AFx9outSdp https://t.co/9ltnvXRWet,2019-04-12 14:59:06
NUStudentLife,RT @NUDining: International Village will close at 1:00PM today to bring #EYP2019| reopening 5:00PM - 8:00PM! https://t.co/jPSa4XPc8w,2019-04-11 15:14:45
NUStudentLife,Want more SpringFest? MIT is bringing 6LACK to the Johnson Ice Rink on 4/26! Tickets are $20 and can be purchased h‚Ä¶ https://t.co/77PDGtzBQO,2019-04-11 14:11:00
NUStudentLife,Want to learn how to take beautiful pictures like the ones below? Click the link to read about the NEU Photography‚Ä¶ https://t.co/hmHNBB2uyc,2019-04-10 18:46:00
NUStudentLife,Congratulations to the 2019 class of the #Huntington100 - Amazing group!! https://t.co/lldaUGAyFS @Northeastern,2019-04-10 13:10:31
NU_ADVANCE,Still plenty of time left to donate to #WOCIA2020's #NUGivingDay challenge!  https://t.co/wMn9YzAabn,2019-04-11 20:40:08
NU_ADVANCE,Thanks to everyone who's already donated towards #WOCIA2020 in the #NUGivingDay challenge!  Now that we have unlock‚Ä¶ https://t.co/YKlLFH0T6c,2019-04-11 16:30:47
NU_ADVANCE,We did it! Thanks to the generous support of 25 individual contributors| we unlocked the challenge funds for Women‚Ä¶ https://t.co/2NOmk7ml8k,2019-04-11 14:45:00
NU_ADVANCE,We're nearly there!! Just 2 more contributors and we will unlock the funds. https://t.co/og7qNlq5Dv,2019-04-11 14:00:45
NU_ADVANCE,We have a chance to unlock $5|000 towards next year's Women of Color in the Academy conference through a‚Ä¶ https://t.co/zmkjocnE46,2019-04-11 13:30:32
NU_ADVANCE,RT @StarzanPlanets: Nearly half of US female scientists leave full-time science after first child. And those who stay have their research p‚Ä¶,2019-02-20 20:32:14
NU_ADVANCE,RT @NU_Business: Sheila Puffer is one of four speakers at the upcoming @Northeastern_TO symposium Immigrant Women who Empower. Register now‚Ä¶,2019-02-20 15:29:27
NU_ADVANCE,Welcome back faculty!  First day of Spring 2019 classes are underway - we're excited to have you all back &lt;3 #backtoschool,2019-01-07 14:22:50
NU_ADVANCE,Today is #ReadingDay at @Northeastern!  Wishing our faculty friends well as they gear up for #finalgrades #finalcountdown ‚úçÔ∏èüí™,2018-12-06 13:30:31
NU_ADVANCE,RT @insidehighered: New study finds female chairs improve departments' gender diversity and equity https://t.co/CwtJmEfg1s,2018-11-19 16:35:13
NU_ADVANCE,RT @davidburkus: DIVERSITY IN THE WORKPLACE IS A NETWORK PROBLEM||If you're just letting your personal network or p‚Ä¶ https://t.co/9h0hEcx9gf,2018-11-16 22:35:07
NU_ADVANCE,RT @500womensci: Work to avoid bias in recommendation writing with this helpful guide. #WomenInScience https://t.co/JxAgqhyODA,2018-11-15 16:30:42
NU_ADVANCE,Advice on dealing with CV envy and how to let the successes of those in your network inspire you to achieve! https://t.co/RKIOsdihHJ,2018-11-14 16:18:13
NU_ADVANCE,RT @insidehighered: Michelle Obama talks about what it was like to be a working-class black student at an elite| predominantly white campus‚Ä¶,2018-11-14 15:52:38
NU_ADVANCE,RT @chronicle: How to retain faculty members ‚Äî especially women and people of color ‚Äî is a question colleges are thinking about a lot. They‚Ä¶,2018-11-07 20:18:39
NU_ADVANCE,It's #VotingDay !  Make sure you find time to get to the polls today! #election2018 #midterms,2018-11-06 19:32:35
NU_ADVANCE,RT @chronicle: Just 47 percent of alumni of color said they‚Äôd had a mentor on the faculty| compared with 72 percent of white graduates. htt‚Ä¶,2018-10-30 17:24:06
NU_ADVANCE,If you're looking for information on  #Midterms2018| check out what @professorcostas had to say. View the video at‚Ä¶ https://t.co/eoNL8fg7UW,2018-10-25 18:50:14
NU_ADVANCE,https://t.co/RE4k2xgERO,2018-10-24 17:30:37
NU_ADVANCE,Just in time for Halloween - let's face our fears - professional or supernatural! üëªüë©‚Äçüè´https://t.co/C3rbDhOLek,2018-10-23 17:25:08
Northeastern,Inside the cheetah enclosure at #Namibia Wildlife Sanctuary| student Julie Dobkin helps identify individual felines‚Ä¶ https://t.co/rYVTaUZTq6,2019-04-21 13:00:16
Northeastern,This #robot can play fetch. @KhouryCollege student Yuchen Xiao taught it how. https://t.co/hXgMoxIesr,2019-04-20 18:00:15
Northeastern,How can we strengthen democracy? The answer lies at the intersection of political participation and computer scienc‚Ä¶ https://t.co/aBuNNKj5b6,2019-04-20 12:00:00
Northeastern,RT @PresidentAoun: Newly named @GuggFellows @LFeldmanBarrett's insights about your brain "might lead you to reconsider the kind of creature‚Ä¶,2019-04-20 00:14:52
Northeastern,RT @podcastwhatsnew: Our final podcast of our second season is out now! https://t.co/MAKMwsmDlu Featuring @keapuolani of @NUCSSH üì∏by Martin‚Ä¶,2019-04-19 19:18:30
Northeastern,Join us in üëèüëèüëè for all of the standout scholars| researchers| mentors| teachers and innovators honored this year. https://t.co/SZpjWeA3Ny,2019-04-19 18:02:01
Northeastern,üïíWhat time is my class? ||üëñHow many Laundry Bucks do I have? ||Got questions? Ask My Husky. https://t.co/MeTAKJGUqo,2019-04-19 16:00:02
Northeastern,Meet some coastal critters with the #marinebiology club. @NUMarSci https://t.co/Jqlmp1mqFL,2019-04-19 13:29:13
Northeastern,RT @PresidentAoun: Today| we celebrated @Northeastern's standout scholars| researchers| mentors| teachers and innovators for their academic‚Ä¶,2019-04-19 01:33:30
Northeastern,In case you missed it: |üì≤ Gender| race and ads on #Facebook: https://t.co/lr5D0zFAPe|üá´üá∑ The #NotreDame and its resi‚Ä¶ https://t.co/ckZm7WtKLw,2019-04-19 00:00:01
Northeastern,The gulf between Barr‚Äôs assessment of the #MuellerReport and its findings could erode Americans' trust in the rule‚Ä¶ https://t.co/tG4FAgxANe,2019-04-18 20:49:30
Northeastern,RT @geekwire: Facebook invests $4M to expand Northeastern University‚Äôs Align computer science master‚Äôs program https://t.co/0crZacJQ5L,2019-04-18 18:46:06
Northeastern,A #Fulbright scholarship was a door yet opened for this @NortheasternCOS student. She flung it open. #NUexperience‚Ä¶ https://t.co/cbehwXWBRy,2019-04-18 18:00:00
Northeastern,Facebook and Northeastern partner to expand access to #ComputerScience masters program for women and underrepresent‚Ä¶ https://t.co/LikFHRQqkT,2019-04-18 14:29:30
Northeastern,1954 ‚û°Ô∏è 2018||Only 15 days until we celebrate this year's graduating class! #NU2019 #NUexperience https://t.co/Vy7Ho5bNCz,2019-04-18 12:05:02
Northeastern,RT @PresidentAoun: .@BillGates is right: #Educated is hard to put down. Best-selling author and #TIME100 pioneer @tarawestover will share h‚Ä¶,2019-04-18 00:50:23
Northeastern,#Northeastern in bloom. #NUexperience https://t.co/LsmOiED5vz,2019-04-18 00:00:02
Northeastern,LIVE at 4:30 üëâ What will it take to restore the #NotreDame? We ask an #architecture expert: https://t.co/OZ0su3lfHs‚Ä¶ https://t.co/SpwbX7FG0U,2019-04-17 20:15:02
Northeastern,Want your Snapchat filter design featured at commencement? Show your #Northeastern pride and enter this contest:‚Ä¶ https://t.co/LmqYxKLj19,2019-04-17 18:30:01
Northeastern,Sunshine and smiles on campus. #NUexperience https://t.co/Q6hqLgIW3p,2019-04-17 15:03:02
NU_UHCS,RT @VPEstabrook: Happy Easter and Happy Passover to everyone celebrating https://t.co/btkQvAAMV5,2019-04-21 14:42:55
NU_UHCS,Put on your favorite song and dance when a craving hits #RTQ_NU #Northeastern,2019-04-19 03:45:05
NU_UHCS,Happy Reading Day Huskies. #FinalsAreHere #ReadingDay #StudyHard #UHCS #YouCanDoIt https://t.co/WxJjCnlryK,2019-04-18 20:34:17
NU_UHCS,Why don't you run in place when a craving starts?  A little exercise will be good for you and you won't be able to‚Ä¶ https://t.co/RleG6eQEoH,2019-04-16 15:05:17
NU_UHCS,Good luck to all the Boston Marathon athletes.||For those not running| UHCS is open from 10am to 3pm. Walk-in or ca‚Ä¶ https://t.co/AypD1WmKiQ,2019-04-15 14:37:23
NU_UHCS,RT @VPEstabrook: 7 ways to reduce stress and keep blood pressure down https://t.co/5vjb84Ll3S,2019-04-14 13:23:03
NU_UHCS,The "cloud" made by a JUUL consists of similar chemicals and poses the same health risks as cigarette smoke and oth‚Ä¶ https://t.co/S739SCPBn5,2019-04-12 15:10:20
NU_UHCS,Try baking your favorite cookies or cake to keep busy during a craving #RTQ_NU #Northeastern,2019-04-10 17:35:13
NU_UHCS,RT @VPEstabrook: Chilly and wet at ‚Å¶@Northeastern‚Å© this morning.  Remember the rain gear #Huskies https://t.co/r2BKwkcIT1,2019-04-08 18:27:29
NU_UHCS,Craving? Clean out your closet. You will be more organized and be less tempted to smoke during a craving  #RTQ_NU #Northeastern,2019-04-05 16:20:15
NU_UHCS,@fithusky Walking can provide tremendous health benefits including: improved sleep| reduced stress levels| increase‚Ä¶ https://t.co/QMriHgiq8t,2019-04-03 16:12:35
NU_UHCS,RT @NUStudentLife: A new Springfest event has been announced! Don't miss a screening of A Star is Born on Thursday! https://t.co/Oq7FFVAaVo,2019-04-03 15:19:43
NU_UHCS,RT @OPENortheastern: Northeastern's Campus Climate Survey increases our understanding about how sexual misconduct affects Northeastern stud‚Ä¶,2019-04-02 19:59:59
NU_UHCS,Having a craving? Try organizing a place in your apartment or dorm room to keep busy. #RTQ_NU #Northeastern,2019-04-02 14:55:11
NU_UHCS,Remember the 4 D's during a craving: Deep breaths| Drink water| Distractions and Delay until the urge is gone  #RTQ_NU #Northeastern,2019-03-29 17:50:14
NU_UHCS,@northeasternpd What a great opportunity to properly dispose of unwanted| unused and expired medications. Be sure t‚Ä¶ https://t.co/xNJ927RS68,2019-03-28 14:44:08
NU_UHCS,Take time to smell the flowers. Know that if you quit smoking| you'll be able to smell the things around you better  #RTQ_NU #Northeastern,2019-03-26 17:45:18
NU_UHCS,Join our Ph.D. Support Group| starting today 1pm. Open to all Northeastern Ph.D. students. This confidential group‚Ä¶ https://t.co/1jYU6fLCkx,2019-03-25 16:06:01
NU_UHCS,RT @VPEstabrook: See you tomorrow night üêæ#Huskies Get your tickets ‚§µÔ∏è for the Championship Game @Northeastern @GoNUmhockey @PresidentAoun h‚Ä¶,2019-03-23 14:03:23
NU_UHCS,#GoHuskies #GoodLuck https://t.co/qPJ8GwQWPN,2019-03-21 20:23:39
