Company,Glassdoor_Reviews_Link
AXA,https://www.glassdoor.com/Reviews/AXA-Reviews-E10343.htm
Berkshire hathway,https://www.glassdoor.com/Reviews/Berkshire-Hathaway-Reviews-E94.htm
Goldman Sachs,https://www.glassdoor.com/Reviews/Goldman-Sachs-Reviews-E2800.htm
Citi  Bank,https://www.glassdoor.com/Reviews/Citi-Reviews-E8843.htm
Con Edison,https://www.glassdoor.com/Reviews/Con-Edison-Reviews-E16462.htm
Fannie mae,https://www.glassdoor.com/Reviews/Fannie-Mae-Reviews-E247.htm
BNY Mellon,https://www.glassdoor.com/Reviews/BNY-Mellon-Reviews-E78.htm
Bloomberg,https://www.glassdoor.com/Reviews/Bloomberg-L-P-Reviews-E3096.htm
Union Bank,https://www.glassdoor.com/Reviews/Union-Bank-Reviews-E1985.htm
Evercore,https://www.glassdoor.com/Reviews/Evercore-Partners-Reviews-E11361.htm
Tiffany&Co,https://www.glassdoor.com/Reviews/Tiffany-and-Co-Reviews-E663.htm
Moody's,https://www.glassdoor.com/Reviews/Moody-s-Reviews-E11303.htm
CIT Group,https://www.glassdoor.com/Reviews/CIT-Reviews-E6835.htm
Morgan Stanley,https://www.glassdoor.com/Reviews/Morgan-Stanley-Reviews-E2282.htm
Moelis&Company,https://www.glassdoor.com/Reviews/Moelis-and-Co-Reviews-E235071.htm
Brown Brothers Harriman,https://www.glassdoor.com/Reviews/Brown-Brothers-Harriman-Reviews-E3668.htm
AIG,https://www.glassdoor.com/Reviews/AIG-Reviews-E40.htm
Tradeweb,https://www.glassdoor.com/Reviews/Tradeweb-Reviews-E11427.htm
Hartford Financial Services,https://www.glassdoor.com/Reviews/The-Hartford-Reviews-E4314.htm
Bristol-Myers Squibb,https://www.glassdoor.com/Reviews/Bristol-Myers-Squibb-Reviews-E107.htm
Massmutual,https://www.glassdoor.com/Reviews/MassMutual-Reviews-E2890.htm
UBS,https://www.glassdoor.com/Reviews/UBS-Reviews-E3419.htm
Bank Of America,https://www.glassdoor.com/Reviews/Bank-of-America-Reviews-E8874.htm
LPL Financial,https://www.glassdoor.com/Reviews/LPL-Financial-Reviews-E227035.htm
ZS Associates,https://www.glassdoor.com/Reviews/ZS-Associates-Reviews-E115506.htm
Direct Supply,https://www.glassdoor.com/Reviews/Direct-Supply-Reviews-E145566.htm
TIAA,https://www.glassdoor.com/Reviews/TIAA-Reviews-E2998.htm
TD Ameritrade,https://www.glassdoor.com/Reviews/TD-Ameritrade-Reviews-E6601.htm
Lynden Incorporated,https://www.glassdoor.com/Reviews/Lynden-Incorporated-Reviews-E16890.htm
Charles Schwab,https://www.glassdoor.com/Reviews/Charles-Schwab-Reviews-E144.htm
Holman group,https://www.glassdoor.com/Reviews/Holman-Group-Reviews-E156529.htm
Rabobank,https://www.glassdoor.com/Reviews/Rabobank-Reviews-E3977.htm
Wells fargo,https://www.glassdoor.com/Reviews/Wells-Fargo-Reviews-E8876.htm
Capital one,https://www.glassdoor.com/Reviews/Capital-One-Reviews-E3736.htm
Inland Bankcorp,https://www.glassdoor.com/Reviews/Inland-Bancorp-Reviews-E404774.htm
Northstar Financial Services,https://www.glassdoor.com/Reviews/NorthStar-Financial-Services-Reviews-E794261.htm
Intercontinental Exchange,https://www.glassdoor.com/Reviews/Intercontinental-Exchange-Reviews-E13785.htm
United Consumers Credit union,https://www.glassdoor.com/Reviews/United-Consumers-Credit-Union-Reviews-E999405.htm
Cambridge Associates,https://www.glassdoor.com/Reviews/Cambridge-Associates-LLC-Reviews-E106712.htm
Bain capital,https://www.glassdoor.com/Reviews/Bain-Capital-Reviews-E3930.htm
Eaton Vance,https://www.glassdoor.com/Reviews/Eaton-Vance-Reviews-E3553.htm
Fidelity investments,https://www.glassdoor.com/Reviews/Fidelity-Investments-Reviews-E2786.htm
Leerink Partners,https://www.glassdoor.com/Reviews/Leerink-Swann-Reviews-E23781.htm
Quantopian,https://www.glassdoor.com/Reviews/Quantopian-Reviews-E1448239.htm
SEI investments,https://www.glassdoor.com/Reviews/SEI-Investments-Reviews-E1851.htm
Gordon brothers,https://www.glassdoor.com/Reviews/Gordon-Brothers-Reviews-E9062.htm
Crayon,https://www.glassdoor.com/Reviews/Crayon-Reviews-E1057870.htm
Berkshire Bank,https://www.glassdoor.com/Reviews/Berkshire-Bank-Reviews-E12187.htm
First Republic Bank,https://www.glassdoor.com/Reviews/First-Republic-Bank-Reviews-E859.htm
BNP paribas,https://www.glassdoor.com/Reviews/BNP-Paribas-Reviews-E10342.htm
Visa,https://www.glassdoor.com/Reviews/Visa-Inc-Reviews-E3035.htm
McKesson,https://www.glassdoor.com/Reviews/McKesson-Reviews-E434.htm
Northern trust,https://www.glassdoor.com/Reviews/Northern-Trust-Reviews-E1710.htm
GATX,https://www.glassdoor.com/Reviews/GATX-Reviews-E269.htm
BMO Harris Bank,https://www.glassdoor.com/Reviews/BMO-Harris-Bank-Reviews-E588792.htm
William blair& company,https://www.glassdoor.com/Reviews/William-Blair-Reviews-E4537.htm
CBOE,https://www.glassdoor.com/Reviews/Cboe-Global-Markets-Reviews-E7355.htm
Mesirow Financial,https://www.glassdoor.com/Reviews/Mesirow-Financial-Reviews-E4577.htm
MorningStar,https://www.glassdoor.com/Reviews/Morningstar-Reviews-E3299.htm
CME group,https://www.glassdoor.com/Reviews/CME-Group-Reviews-E7796.htm
PWC,https://www.glassdoor.com/Reviews/PwC-Reviews-E8450.htm
Envestnet,https://www.glassdoor.com/Reviews/Envestnet-Reviews-E4983.htm
Guggenhein Partners,https://www.glassdoor.com/Reviews/Guggenheim-Partners-Reviews-E156584.htm
Driehaus Capital management,https://www.glassdoor.com/Reviews/Driehaus-Capital-Management-Reviews-E259803.htm
CIBC,https://www.glassdoor.com/Reviews/CIBC-Reviews-E3115.htm
Voya Financial,https://www.glassdoor.com/Reviews/Voya-Financial-Reviews-E816322.htm
Ameriprise Financial,https://www.glassdoor.com/Reviews/Ameriprise-Reviews-E15316.htm
Fisher Investments,https://www.glassdoor.com/Reviews/Fisher-Investments-Reviews-E38954.htm
Progressive Insurance,https://www.glassdoor.com/Reviews/Progressive-Insurance-Reviews-E546.htm
Edward Jones,https://www.glassdoor.com/Reviews/Edward-Jones-Reviews-E3161.htm
PrimeLending,https://www.glassdoor.com/Reviews/PrimeLending-Reviews-E370600.htm
Ondeck Capital,https://www.glassdoor.com/Reviews/OnDeck-Reviews-E445023.htm
KPMG,https://www.glassdoor.com/Reviews/KPMG-Reviews-E2867.htm
USAA,https://www.glassdoor.com/Reviews/USAA-Reviews-E3033.htm
American Express,https://www.glassdoor.com/Reviews/American-Express-Reviews-E35.htm
Nationwide,https://www.glassdoor.com/Reviews/Nationwide-Reviews-E2913.htm
Prudential Financial,https://www.glassdoor.com/Reviews/Prudential-Reviews-E2944.htm
Ares capital,https://www.glassdoor.com/Reviews/Ares-Capital-Reviews-E354413.htm
AllState Insurance,https://www.glassdoor.com/Reviews/Allstate-Reviews-E2341.htm
PNC Financial Service Group,https://www.glassdoor.com/Reviews/PNC-Financial-Services-Group-Reviews-E507.htm
Primerica,https://www.glassdoor.com/Reviews/Primerica-Financial-Services-Reviews-E1894609.htm
Cincinnati Financial Corporation,https://www.glassdoor.com/Reviews/The-Cincinnati-Insurance-Company-Reviews-E1255.htm
Axis Capital Holdings Limited,https://www.glassdoor.com/Reviews/AXIS-Capital-Holdings-Reviews-E16128.htm
Hanover Insurance Group Inc,https://www.glassdoor.com/Reviews/The-Hanover-Insurance-Group-Reviews-E3664.htm
Brixmor Property Group Inc,https://www.glassdoor.com/Reviews/Brixmor-Reviews-E482072.htm
Axa XL,https://www.glassdoor.com/Reviews/AXA-XL-Reviews-E5891.htm
US bankcorp,https://www.glassdoor.com/Reviews/U-S-Bank-Reviews-E8937.htm
Chubb,https://www.glassdoor.com/Reviews/Chubb-Reviews-E150.htm
CME Group,https://www.glassdoor.com/Reviews/CME-Group-Reviews-E7796.htm
S&P Global,https://www.glassdoor.com/Reviews/S-and-P-Global-Reviews-E1259396.htm
Suntrust Banks,https://www.glassdoor.com/Reviews/SunTrust-Reviews-E631.htm
Discover Financial Services,https://www.glassdoor.com/Reviews/Discover-Reviews-E13990.htm
Synchrony Financial,https://www.glassdoor.com/Reviews/Synchrony-Reviews-E852160.htm
KeyBank,https://www.glassdoor.com/Reviews/KeyBank-Reviews-E381.htm
Mckinsey&Company,https://www.glassdoor.com/Reviews/McKinsey-and-Company-Reviews-E2893.htm
Two Sigma,https://www.glassdoor.com/Reviews/Two-Sigma-Reviews-E241045.htm
Citadel Federal Credit Union,https://www.glassdoor.com/Reviews/Citadel-Federal-Credit-Union-Reviews-E224659.htm
Bridgewater Associates,https://www.glassdoor.com/Reviews/Bridgewater-Associates-Reviews-E117647.htm
Credit Suisse,https://www.glassdoor.com/Reviews/Credit-Suisse-Reviews-E3141.htm
E*Trade Financial,https://www.glassdoor.com/Reviews/E-TRADE-Financial-Reviews-E6005.htm
Navy Federal Credit Union,https://www.glassdoor.com/Reviews/Navy-Federal-Credit-Union-Reviews-E7281.htm
Allianz Life Insurance Company of NorthAmerica,https://www.glassdoor.com/Reviews/Allianz-Life-Insurance-Company-of-North-America-Reviews-E13810.htm
Acuity Insurance,https://www.glassdoor.com/Reviews/Acuity-Insurance-Reviews-E17481.htm
National MI,https://www.glassdoor.com/Reviews/National-MI-Reviews-E1072580.htm
Raymond James Financial,https://www.glassdoor.com/Reviews/Raymond-James-Financial-Reviews-E559.htm
Avalara,https://www.glassdoor.com/Reviews/Avalara-Reviews-E116638.htm
Brightscope,https://www.glassdoor.com/Reviews/BrightScope-Reviews-E431445.htm
Berkery Noyes,https://www.glassdoor.com/Reviews/Berkery-Noyes-Reviews-E5858.htm
NASDAQ,https://www.glassdoor.com/Reviews/Nasdaq-Reviews-E12152.htm
Can Capital,https://www.glassdoor.com/Reviews/CAN-Capital-Reviews-E462009.htm
Experian,https://www.glassdoor.com/Reviews/Experian-Reviews-E42406.htm
Vanguard,https://www.glassdoor.com/Reviews/Vanguard-Reviews-E4084.htm
SIGFIG,https://www.glassdoor.com/Reviews/SigFig-Reviews-E888396.htm
SmartAsset,https://www.glassdoor.com/Reviews/SmartAsset-Reviews-E986794.htm
American Capital Group,https://www.glassdoor.com/Reviews/American-Capital-Group-Reviews-E775103.htm
Pave,https://www.glassdoor.com/Reviews/Pave-Reviews-E963256.htm
Merrill Lynch,https://www.glassdoor.com/Reviews/Merrill-Lynch-Reviews-E440.htm
Lenddo,https://www.glassdoor.com/Reviews/LenddoEFL-Reviews-E1931651.htm
T Rowe Price,https://www.glassdoor.com/Reviews/T-Rowe-Price-Reviews-E3583.htm
Signature Bank,https://www.glassdoor.com/Reviews/Signature-Bank-Reviews-E35084.htm
Lowes Corporation,https://www.glassdoor.com/Reviews/LIHC-Investment-Group-Reviews-E2371753.htm
Synovus Financial Corp,https://www.glassdoor.com/Reviews/Synovus-Reviews-E1202.htm
Franklin Resources - 0 Reviews,https://www.glassdoor.com/Reviews/Franklin-Management-Resources-Reviews-E2193342.htm
Aircastle Limited - 0 Reviews,https://www.glassdoor.com/Reviews/Aircastle-Mortgage-Services-Reviews-E479645.htm
Capitol Federal Financial Inc,https://www.glassdoor.com/Reviews/Capitol-Federal-Savings-Bank-Reviews-E8965.htm
Assurant Inc,https://www.glassdoor.com/Reviews/Assurant-Reviews-E13793.htm
CNO Financial Group,https://www.glassdoor.com/Reviews/CNO-Financial-Group-Reviews-E173.htm
Freddie Mac,https://www.glassdoor.com/Reviews/Freddie-Mac-Reviews-E1585.htm
Fidelity International,https://www.glassdoor.com/Reviews/Fidelity-International-Reviews-E636122.htm
Onex Corporation ,https://www.glassdoor.com/Reviews/Onex-Reviews-E6492.htm
James Richardson & Sons Ltd,https://www.glassdoor.com/Reviews/James-Richardson-and-Sons-Reviews-E883198.htm
CI Financial Corp,https://www.glassdoor.com/Reviews/CI-Financial-Reviews-E354908.htm
E-L Financial Corporation Ltd,https://www.glassdoor.com/Reviews/E-L-Financial-Reviews-E8738.htm
Barclays,https://www.glassdoor.com/Reviews/Barclays-Reviews-E3456.htm
Bank of England,https://www.glassdoor.com/Reviews/Bank-of-England-Reviews-E10100.htm
Zions Bank Corp,https://www.glassdoor.com/Reviews/Zions-Bancorporation-Reviews-E2053.htm
HSBC,https://www.glassdoor.com/Reviews/HSBC-Holdings-Reviews-E3482.htm
Lloyds banking group,https://www.glassdoor.com/Reviews/Lloyds-Banking-Group-Reviews-E316191.htm
Transferwise,https://www.glassdoor.com/Reviews/TransferWise-Reviews-E637715.htm
Funding circle,https://www.glassdoor.com/Reviews/Funding-Circle-Reviews-E793185.htm
Algomi,https://www.glassdoor.com/Reviews/Algomi-Reviews-E1282073.htm
Blockchain,https://www.glassdoor.com/Reviews/Blockchain-Reviews-E1013721.htm
Monzo Bank,https://www.glassdoor.com/Reviews/Monzo-Bank-Reviews-E1557148.htm
Yielders,
Market Invoice,https://www.glassdoor.com/Reviews/MarketInvoice-Reviews-E835123.htm
Trustmark National Bank,https://www.glassdoor.com/Reviews/Trustmark-National-Bank-Reviews-E1402.htm
Capital First ltd,https://www.glassdoor.com/Reviews/Capital-First-Reviews-E519146.htm
Union Bankshares Corp,https://www.glassdoor.com/Reviews/Union-Bankshares-Reviews-E3588.htm
Hargreaves Lansdown PLC,https://www.glassdoor.com/Reviews/Hargreaves-Lansdown-Reviews-E100339.htm
IFCI Ltd,https://www.glassdoor.com/Reviews/IFCI-Financial-Services-Reviews-E333984.htm
Weingarten Realty Investors,https://www.glassdoor.com/Reviews/Weingarten-Realty-Reviews-E723.htm
Vouch Financial,https://www.glassdoor.com/Reviews/Vouch-Financial-Reviews-E1108266.htm
Schroders PLC,https://www.glassdoor.com/Reviews/Schroders-Reviews-E10512.htm
Admiral Group PLC,https://www.glassdoor.com/Reviews/Admiral-Group-Reviews-E35772.htm
Legal and General,https://www.glassdoor.com/Reviews/Legal-and-General-America-Reviews-E665702.htm
Aviva,https://www.glassdoor.com/Reviews/Aviva-Reviews-E311641.htm
Zurich Insurance Group,https://www.glassdoor.com/Reviews/Zurich-Insurance-Group-Reviews-E582526.htm
KFW,https://www.glassdoor.com/Reviews/KfW-Reviews-E10659.htm
Deutsche Bank,https://www.glassdoor.com/Reviews/Deutsche-Bank-Reviews-E3150.htm
Common Wealth Bank,https://www.glassdoor.com/Reviews/Commonwealth-Bank-of-Australia-Reviews-E7922.htm
National Australia Bank,https://www.glassdoor.com/Reviews/National-Australia-Bank-Reviews-E4262.htm
TD Bank,https://www.glassdoor.com/Reviews/TD-Reviews-E3767.htm
HDFC Corp Ltd,https://www.glassdoor.com/Reviews/HDFC-Bank-Reviews-E100231.htm
Bajaj Finance Limited,https://www.glassdoor.com/Reviews/Bajaj-Finance-Reviews-E230765.htm
Yes Bank,https://www.glassdoor.com/Reviews/Yes-Bank-Reviews-E218226.htm
Muthoot Finance Limited,https://www.glassdoor.com/Reviews/Muthoot-Finance-Reviews-E467957.htm
ANZ Banking Group Limited,https://www.glassdoor.com/Reviews/ANZ-Bank-Reviews-E5782.htm
Macquarie  Group Limited,https://www.glassdoor.com/Reviews/Macquarie-Group-Reviews-E12088.htm
Insurance Australia,https://www.glassdoor.com/Reviews/Insurance-Australia-Group-Reviews-E12762.htm
ASX Limited,https://www.glassdoor.com/Reviews/ASX-Reviews-E42547.htm
Royal Bank of Scotland,https://www.glassdoor.com/Reviews/Royal-Bank-of-Scotland-Reviews-E10222.htm
Standard Chartered,https://www.glassdoor.com/Reviews/Standard-Chartered-Bank-Reviews-E226853.htm
Quicken Loans,https://www.glassdoor.com/Reviews/Quicken-Loans-Reviews-E7856.htm
Capital One Financial,https://www.glassdoor.com/Reviews/Capital-One-Reviews-E3736.htm
Bankers Healthcare Group,https://www.glassdoor.com/Reviews/Bankers-Healthcare-Group-Reviews-E484150.htm
Credit Acceptance Corporation,https://www.glassdoor.com/Reviews/Credit-Acceptance-Reviews-E2194.htm
Veterans United Home Loans,https://www.glassdoor.com/Reviews/Veterans-United-Home-Loans-Reviews-E242421.htm
New American Funding,https://www.glassdoor.com/Reviews/New-American-Funding-Reviews-E402609.htm
ESL Federal Credit Union,https://www.glassdoor.com/Reviews/ESL-Federal-Credit-Union-Reviews-E26742.htm
U.S Bank,https://www.glassdoor.com/Reviews/U-S-Bank-Reviews-E8937.htm
MFS Investment Management,https://www.glassdoor.com/Reviews/MFS-Reviews-E9607.htm
Lenda,https://www.glassdoor.com/Reviews/Lenda-Reviews-E1375025.htm
Lendah Loans,
Sentinel Benefits & Financial Group,https://www.glassdoor.com/Reviews/Sentinel-Benefits-and-Financial-Group-Reviews-E449770.htm
Public Consulting Group,https://www.glassdoor.com/Reviews/Public-Consulting-Group-Reviews-E150929.htm
Tiger Capital Group,https://www.glassdoor.com/Reviews/Asian-Tiger-Capital-Reviews-E801449.htm
Brookwood Financial Partners,https://www.glassdoor.com/Reviews/Brookwood-Financial-Partners-Reviews-E503381.htm
reacHIRE,https://www.glassdoor.com/Reviews/reacHIRE-Reviews-E2253724.htm
Axtria INC,https://www.glassdoor.com/Reviews/Axtria-Reviews-E641281.htm
Winchester Cooperative Banks,https://www.glassdoor.com/Reviews/Winchester-Cooperative-Bank-Reviews-E1918534.htm
Liberty Mutual Insurance,https://www.glassdoor.com/Reviews/Liberty-Mutual-Insurance-Reviews-E2874.htm
Forward Financing,https://www.glassdoor.com/Reviews/Forward-Financing-Reviews-E1156882.htm
Sun Life Financial ,https://www.glassdoor.com/Reviews/Sun-Life-Reviews-E11568.htm
"Duff & Phelps, LLC",https://www.glassdoor.com/Reviews/Duff-and-Phelps-Reviews-E14393.htm
FIS Global,https://www.glassdoor.com/Reviews/FIS-Reviews-E313114.htm
Symetra Financial,"https://www.glassdoor.com/Overview/Working-at-Symetra-EI_IE37751.11,18.htm"
Northwestern Mutual Life Insurance,https://www.glassdoor.com/Reviews/Northwestern-Mutual-Reviews-E2919.htm
Federal Reserve Bank of Boston,https://www.glassdoor.com/Reviews/Federal-Reserve-Bank-of-Boston-Reviews-E18449.htm
Manulife,https://www.glassdoor.com/Reviews/Manulife-Reviews-E9373.htm
Circle Internet Financial,https://www.glassdoor.com/Reviews/Circle-Internet-Financial-Reviews-E1291298.htm
Robinhood,https://www.glassdoor.com/Reviews/Robinhood-Reviews-E1167765.htm
Stradegi Consulting,https://www.glassdoor.com/Reviews/Stradegi-Reviews-E968377.htm
Prodigy Finance,https://www.glassdoor.com/Reviews/Prodigy-Finance-Reviews-E1305056.htm
Federal Home Loan Bank of Boston,https://www.glassdoor.com/Reviews/Federal-Home-Loan-Bank-of-Boston-Reviews-E18400.htm
SS&C Tech,https://www.glassdoor.com/Reviews/SS-and-C-Reviews-E6022.htm
Freedom Financial,https://www.glassdoor.com/Reviews/Freedom-Financial-Reviews-E2105598.htm
Coinbase,https://www.glassdoor.com/Reviews/Coinbase-Reviews-E779622.htm
Chime,https://www.glassdoor.com/Reviews/Chime-Reviews-E1493686.htm
Mercer Advisors,https://www.glassdoor.com/Reviews/Mercer-Advisors-Reviews-E328358.htm
Marqeta,https://www.glassdoor.com/Reviews/Marqeta-Reviews-E982622.htm
SF Fire Credit Union,https://www.glassdoor.com/Reviews/SF-Fire-Credit-Union-Reviews-E345411.htm
BlackRock,https://www.glassdoor.com/Reviews/BlackRock-Reviews-E9331.htm
TrueAccord,https://www.glassdoor.com/Reviews/TrueAccord-Reviews-E1101018.htm
Globe Trend Investments,https://www.glassdoor.com/Reviews/Global-Investment-House-Reviews-E617870.htm
Plum Lending,https://www.glassdoor.com/Reviews/Plum-Lending-Reviews-E1034609.htm
Personal Capital,https://www.glassdoor.com/Reviews/Personal-Capital-Reviews-E695964.htm
LendingClub,https://www.glassdoor.com/Reviews/LendingClub-Reviews-E349061.htm
Xignite,https://www.glassdoor.com/Reviews/Xignite-Reviews-E228179.htm
Plaid,https://www.glassdoor.com/Reviews/Plaid-Reviews-E1156368.htm
YouLand Inc,
Alliance Bernstein,https://www.glassdoor.com/Reviews/AllianceBernstein-Reviews-E14976.htm
Wedbush Securities,https://www.glassdoor.com/Reviews/Wedbush-Securities-Reviews-E11629.htm
Accordion Partners,https://www.glassdoor.com/Reviews/Accordion-Partners-Reviews-E463503.htm
Credible,https://www.glassdoor.com/Reviews/Credible-Reviews-E1069434.htm
Treloar & Heisel,https://www.glassdoor.com/Reviews/Treloar-and-Heisel-Reviews-E467776.htm
Redwood Credit Union,https://www.glassdoor.com/Reviews/Redwood-Credit-Union-Reviews-E575546.htm
Compass Analytics,https://www.glassdoor.com/Reviews/Compass-Analytics-Reviews-E955254.htm
Anchorage,https://www.glassdoor.com/Reviews/Anchorage-Reviews-E2080331.htm
SoFi,https://www.glassdoor.com/Reviews/SoFi-Reviews-E779979.htm
OFX,https://www.glassdoor.com/Reviews/OFX-Reviews-E580708.htm
Parallel Advisors,
Roostify,https://www.glassdoor.com/Reviews/Roostify-Reviews-E1275428.htm
OUM & Co LLP,https://www.glassdoor.com/Reviews/OUM-and-Co-LLP-Reviews-E220707.htm
Umpqua Bank,https://www.glassdoor.com/Reviews/Umpqua-Bank-Reviews-E7982.htm
Synapse Financial Tehcnology,https://www.glassdoor.com/Reviews/SynapseFI-Reviews-E1778043.htm
EarnUp,https://www.glassdoor.com/Reviews/EarnUp-Reviews-E1324274.htm
Armanino,https://www.glassdoor.com/Reviews/Armanino-Reviews-E228124.htm
New York Life & NYLIFE Securities LLC,https://www.glassdoor.com/Reviews/New-York-Life-Reviews-E2915.htm
BrightSide,https://www.glassdoor.com/Reviews/Brightside-Reviews-E776609.htm
SmartBiz Loans,https://www.glassdoor.com/Reviews/SmartBiz-Reviews-E960979.htm
Bolt,"https://www.glassdoor.com/Overview/Working-at-Bolt-EI_IE1181527.11,15.htm"
Willis Tower Watson,https://www.glassdoor.com/Reviews/Willis-Towers-Watson-Reviews-E1122768.htm
Credit Sesame,https://www.glassdoor.com/Reviews/Credit-Sesame-Reviews-E975582.htm
Paypal,https://www.glassdoor.com/Reviews/PayPal-Reviews-E9848.htm
JADE Fiducial,
Aspiriant ,https://www.glassdoor.com/Reviews/Aspiriant-Reviews-E424054.htm
Cetera Financial Group,https://www.glassdoor.com/Reviews/Cetera-Financial-Group-Reviews-E350850.htm
Scharf,https://www.glassdoor.com/Reviews/Scharf-Investments-Reviews-E638973.htm
LoanMart,https://www.glassdoor.com/Reviews/LoanMart-Reviews-E434802.htm
First Quadrant,https://www.glassdoor.com/Reviews/First-Quadrant-Reviews-E22381.htm
Optima Tax Relief,https://www.glassdoor.com/Reviews/Optima-Tax-Relief-Reviews-E891396.htm
Edelman Financial Engines,https://www.glassdoor.com/Reviews/Edelman-Financial-Engines-Reviews-E7852.htm
Genovese Burford & Brothers,
Lockton,https://www.glassdoor.com/Reviews/Lockton-Companies-Reviews-E28411.htm
Standard Insurance,https://www.glassdoor.com/Reviews/Standard-Insurance-Reviews-E405997.htm
Dimensional Fund Advisors,https://www.glassdoor.com/Reviews/Dimensional-Fund-Advisors-Reviews-E29863.htm
Lincoln Financial Advisors,https://www.glassdoor.com/Reviews/Lincoln-Financial-Advisors-Reviews-E27297.htm
Axcess-Financial,https://www.glassdoor.com/Reviews/Axcess-Financial-Reviews-E212649.htm
Golden Valley Bank,https://www.glassdoor.com/Reviews/Golden-Valley-Bank-Reviews-E1834916.htm
Central Valley Bank,https://www.glassdoor.com/Reviews/Central-Valley-Community-Bank-Reviews-E28299.htm
Answer Financial,https://www.glassdoor.com/Reviews/Answer-Financial-Reviews-E34804.htm
Mulligan Funding,https://www.glassdoor.com/Reviews/Mulligan-Funding-Reviews-E1314838.htm
Farmers & Merchants Bank of Centrl California,https://www.glassdoor.com/Reviews/Farmers-and-Merchants-Bank-of-Central-California-Reviews-E1345232.htm
Sunwest Bank,https://www.glassdoor.com/Reviews/Sunwest-Bank-Reviews-E684191.htm
NBS Government Finance Group,https://www.glassdoor.com/Reviews/NBS-Reviews-E252070.htm
Accredited Debt Relief,https://www.glassdoor.com/Reviews/Accredited-Debt-Relief-Reviews-E860507.htm
"Frank, Rimerman and Co. LLP",https://www.glassdoor.com/Reviews/Frank-Rimerman-Co-LLP-Reviews-E245125.htm
Cedar Financial ,https://www.glassdoor.com/Reviews/Cedar-Financial-Reviews-E781391.htm
California Bank and Trust,https://www.glassdoor.com/Reviews/California-Bank-and-Trust-Reviews-E17146.htm
Zeo Capital Advisors,https://www.glassdoor.com/Reviews/Capital-Advisors-Group-Reviews-E713661.htm
CO-OP Financail Services,https://www.glassdoor.com/Reviews/CO-OP-Financial-Services-Reviews-E221518.htm
Nations Lending,https://www.glassdoor.com/Reviews/Nations-Lending-Reviews-E968844.htm
Mission Federal Credit Union,https://www.glassdoor.com/Reviews/Mission-Federal-Credit-Union-Reviews-E366597.htm
First Financial Credit Union,https://www.glassdoor.com/Reviews/First-Financial-Credit-Union-Reviews-E1032730.htm
Foothill Credit Union,https://www.glassdoor.com/Reviews/Foothill-Credit-Union-Reviews-E1102853.htm
The Fundowrks LLC,https://www.glassdoor.com/Reviews/The-Fundworks-Reviews-E1532372.htm
Reliant Funding,https://www.glassdoor.com/Reviews/Reliant-Funding-Reviews-E820451.htm
LoanDepot,https://www.glassdoor.com/Reviews/loanDepot-Reviews-E375743.htm
Evergreen Home Loans,https://www.glassdoor.com/Reviews/Evergreen-Home-Loans-Reviews-E753502.htm
Stage 1 Financial,https://www.glassdoor.com/Reviews/Stage-1-Financial-Reviews-E838719.htm
CBC Federal Credit Union,https://www.glassdoor.com/Reviews/CBC-Federal-Credit-Union-Reviews-E213044.htm
Eagle Home Mortgage,https://www.glassdoor.com/Reviews/Eagle-Home-Mortgage-Reviews-E348660.htm
eCapital,https://www.glassdoor.com/Reviews/eCapital-Reviews-E834402.htm
Citizens and Northern Bank,https://www.glassdoor.com/Reviews/Citizens-Bank-of-Northern-California-Reviews-E1450398.htm
Centric Bank,https://www.glassdoor.com/Reviews/Centric-Bank-Reviews-E1485708.htm
Money Mart Financial Services,https://www.glassdoor.com/Reviews/Money-Mart-Financial-Services-Reviews-E198388.htm
Federal Reserve Bank of Philadelphia,https://www.glassdoor.com/Reviews/Federal-Reserve-Bank-of-Philadelphia-Reviews-E18478.htm
M&T Bank,https://www.glassdoor.com/Reviews/M-and-T-Bank-Reviews-E858.htm
Santander Bank,https://www.glassdoor.com/Reviews/Santander-Reviews-E828048.htm
Comerica Inc,https://www.glassdoor.com/Reviews/Comerica-Reviews-E1281.htm
Huntington BancShares,https://www.glassdoor.com/Reviews/Huntington-National-Bank-Reviews-E1496.htm
First Horizon National,https://www.glassdoor.com/Reviews/First-Horizon-Reviews-E1420.htm
PacWest Bancorp,https://www.glassdoor.com/Reviews/PacWest-Bancorp-Reviews-E12508.htm
Cullen/Frost Bankers,https://www.glassdoor.com/Reviews/Frost-Bank-Reviews-E1311.htm
Ally Financial,https://www.glassdoor.com/Reviews/Ally-Financial-Reviews-E7222.htm
SVB Financial Group,https://www.glassdoor.com/Reviews/Silicon-Valley-Bank-Reviews-E107161.htm
TBK Bank,https://www.glassdoor.com/Reviews/TBK-Bank-Reviews-E1058371.htm
Herring Bank,https://www.glassdoor.com/Reviews/Herring-Bank-Reviews-E264276.htm
GM Financial,https://www.glassdoor.com/Reviews/GM-Financial-Reviews-E488523.htm
