Job_id,Title,Location,Company,Synopsis,Low_Salary,High_Salary,City,State_Initials
1,Data Scientist I,"Midlothian, VA 23112",        Virginia Credit Union,"            Individual must be comfortable extracting, cleaning, preparing, and modeling data from multiple data environments....",81000,119000,Midlothian, VA
2,Data Scientist - FinTech Company,"Richmond, VA",        Lennon Wright Associates,            The team is fantastic you will be working alongside other scientists who have a strong passion for Data Science....,70000,120000,Richmond, VA
3,Data Analyst - FinTech Company,"Richmond, VA",        Lennon Wright Associates,            The team is fantastic you will be working alongside other scientists who have a strong passion for Data Analysis....,70000,120000,Richmond, VA
4,Data Scientist,"Richmond, VA",        VA Commonwealth Univ,"            Knowledgeable in data science life cycle practices. Additionally, will collaborate on inter-departmental initiatives that would benefit from advance data...",75000,90000,Richmond, VA
5,            Senior Data Scientist,"Chesterfield, VA",        Virginia VA Community College Sys,"            1+ years’ experience using other advanced data science methods, including web scraping, PDF scraping, data visualization, or natural language processing....",65000,73000,Chesterfield, VA
6,            Senior Data Scientist,"Chesterfield, VA",        VA Community College Sys,"            1+ years' experience using other advanced data science methods, including web scraping, PDF scraping, data visualization, or natural language processing ??...",65000,73000,Chesterfield, VA
7,Data Scientist,"Richmond, VA 23284 (The Fan area)",        Virginia Commonwealth University,"            Working Title Data Scientist. Knowledgeable in data science life cycle practices. Additionally, will collaborate on inter-departmental initiatives that would...",53000,78000,Richmond, VA
8,            Senior Data Scientist - Virginia Community College System,"Richmond, VA",        Virginia Community College System,"            Creating and managing an integrated data system that merges in detailed individual-level data from multiple sources, such as student transcripts and quarterly...",65000,73000,Richmond, VA
9,Data Scientist,"Richmond, VA 23219 (City Center area)",        Afton Chemical,"            This data scientist position will utilize analytical, statistical, and programming skills to collect, analyze, and interpret large datasets....",86000,126000,Richmond, VA
10,DATA SCIENTIST,"Chester, VA",        Knowledge Facilitation Group,"            We are looking for a Data Scientist that will help us discover the information hidden in vast amounts of data, and help us make smarter decisions to deliver...",85000,126000,Chester, VA
11,Data Scientist,"Richmond, VA","        Amyx, Inc.","            Five (5) years’ relevant and practical experience with SAS, R, Python, Keras, TensorFlow, data processing, data analytics, data science, data mining, predictive...",93000,138000,Richmond, VA
12,"Data Scientist with Hortonworks / CloudEra - Richmond, VA","Richmond, VA 23230",        CSS Corporation,            Design of Data Structures & Data Movement processes. Analysis & development of Analytic solutions using Data science and...,105000,154000,Richmond, VA
13,             Policy Research Analyst,"Richmond, VA",        New Virginia Majority,            The Policy Research Analyst will synthesize existing research and conduct original research to identify public policy...,42000,55000,Richmond, VA
14,            Senior Data Scientist - Virginia Community College System,"Richmond, VA",        Virginia Community College System,"            Creating and managing an integrated data system that merges in detailed individual-level data from multiple sources,...",65000,73000,Richmond, VA
15,Data Scientist,"Richmond, VA",        Horizon Industries Ltd,"            Duties of a Data Scientist may include:. Five (5) years’ relevant and practical experience with SAS, data processing,...",99000,146000,Richmond, VA
16,            Newborn Screening Senior Scientist (Scientist II),"Richmond, VA 23220 (The Fan area)",        Virginia Department of General Services,"            As a NBS Senior Scientist, this position oversees the performance of filter paper blood spot analysis for a variety of...",48681,60617,Richmond, VA
17,Data Scientist,"Indianapolis, IN 46204",        The Prosper Group,"            Proactively identifies new data opportunities in 1st, 2nd, and 3rd party data, as well as strategic/tactical opportunities; The Prosper Group seeks a Data Scientist with 3+ years of experience, who...",67000,99000,Indianapolis, IN
18,Data Scientist Intern,"Indianapolis, IN 46214",        Covance,"            CRO data at Covance is inherently abundant and heterogeneous, and therefore reflecting both the attributes of individua data sources and relations between them is important to unlease the data power...",101000,149000,Indianapolis, IN
19,Data Scientist,"Carmel, IN 46032",        Zotec Partners,"            Develop custom data models and algorithms to apply data sets. Contribute to design of analytics, including data sampling, mining and quality and data visualization solutions....",82000,122000,Carmel, IN
20,Data Scientist - Demand Analytics,"Indianapolis, IN",        Cummins Inc.,"Data Mining - Identifies relationships and patterns in data by using a suite of data exploration and data visualization techniques using tools such as PowerBI, R Shiny, SAS JMP, and extracts insights...",77000,114000,Indianapolis, IN
21,Data Scientist,"Indianapolis, IN",        Crowe,"            Collaborate with analytic and data teams to set objectives, approaches, and work plans. Leverage large sets of structured and unstructured data to develop tactical and strategic insights....",96000,142000,Indianapolis, IN
22,Data Scientist,"Indianapolis, IN",        Elements Financial,"            Analyze data for trends and patterns, and Interpret data with a clear objective in mind. 7+ years' experience in data science. Work as the lead data strategist, identifying and integrating new...",93000,137000,Indianapolis, IN
23,DATA SCIENTIST II,"Indianapolis, IN",        OneAmerica,Data Scientist II. Conduct exploratory data analysis and prepare data to be analyzed. As a Data Scientist you will support analytical projects and solutions that answer business questions....,88000,130000,Indianapolis, IN
24,Data Scientist,"Indianapolis, IN 46240",        Crowe,"            Collaborate with analytic and data teams to set objectives, approaches, and work plans. Leverage large sets of structured and unstructured data to develop...",96000,142000,Indianapolis, IN
25,Data Scientist,"Indianapolis, IN 46240",        KSM Consulting,"            To help continue our rapid growth and solve our clients’ toughest problems, we need a Data Scientist to join the team....",91000,135000,Indianapolis, IN
26,Data Scientist - Demand Analytics,"Indianapolis, IN",        Cummins Inc.,"Data Mining - Identifies relationships and patterns in data by using a suite of data exploration and data visualization techniques using tools such as PowerBI,...",77000,114000,Indianapolis, IN
27,Data Scientist,"San Francisco, CA 94158 (South Of Market area)",        Retrace Labs,            *Company Description: * Retrace is spearheading the predictive medicine paradigm shift and is a pioneer in the computer vision space. Situated in the heart of...,150000,300000,San Francisco, CA
28,            Biological Science Laboratory Technician (Plants),"Saint Paul, MN",        US Department of Agriculture,"            Keeping exact, detailed records of experimental data. Tabulating, statistically analyzing, and summarizing data using personal computers and software packages....",49926,71683,Saint Paul, MN
29,"            Sr Research Scientist, Early Childhood","Minneapolis, MN 55401 (North Loop area)",        Child Trends,"            Supervises the data collection, tabulation, and analysis by research scientists, analysts and assistants....",103500,,Minneapolis, MN
30,            Research Analyst,"Houston, TX",        Rice University,            And follow standard data management practices for the Houston Community Data Connections (HCDC) program. Prepare data sets and documentation;...,68557,,Houston, TX
31,            Matanuska Electric Association is seeking a Senior GIS Data...,"Anchorage, AK 99503 (Midtown area)",        ALASKA POWER ASSOCIATION,"            Design and maintain data files and structures as needed. Write technical reports and documents such as project descriptions, program synopses, definitions and...",78087,,Anchorage, AK
32,            Biologist,"Anchorage, AK",        Centers for Disease Control and Prevention,"            ""Collaborate with scientists and program consultants in various aspects of study or survey design process, and other study support duties including analyzing...",87252,129906,Anchorage, AK
33,            Biological Scientist,"Elmendorf AFB, AK",        US Department of the Air Force,"            Skill to integrate an interdisciplinary team of professionals to include attorneys, public health specialists, public affairs specialists, biological scientists...",68036,164200,Elmendorf AFB, AK
34,            General Natural Resources Management and Biological Sciences...,"Elmendorf AFB, AK",        US Department of the Air Force,"            The primary purpose of this position is to serve as a Biological Scientist participating in project management, execution, and operations responsibility in...",50598,134038,Elmendorf AFB, AK
35,            Psychologist,"Anchorage, AK",        US Department of Veterans Affairs,"            Ability to perform basic research tasks of scholarship and research execution within the context of an established research team, including research participant...",67930,125865,Anchorage, AK
36,            Biologist,"Anchorage, AK",        Centers for Disease Control and Prevention,"            ""Collaborate with scientists and program consultants in various aspects of study or survey design process, and other study support duties...",87252,129906,Anchorage, AK
37,            Physical Scientist,"Elmendorf AFB, AK",        US Department of the Air Force,"            And generating reports based on analytical data produced. At this level, physical scientists have the ability to independently perform...",33394,157663,Elmendorf AFB, AK
38,            General Natural Resources Management and Biological Sciences...,"Elmendorf AFB, AK",        US Department of the Air Force,"            The primary purpose of this position is to serve as a Biological Scientist participating in project management, execution, and operations...",50598,134038,Elmendorf AFB, AK
39,            Psychologist,"Anchorage, AK",        US Department of Veterans Affairs,"            Ability to perform basic research tasks of scholarship and research execution within the context of an established research team, including...",67930,125865,Anchorage, AK
40,Data Scientist,"Colorado Springs, CO 80919 (Northwest Colorado Springs area)",        Verizon,"            Filtering, aggregating and transforming data based on direction from SME's and data scientists. Experience as a data scientist, analyst, or statistical modeler....",83000,123000,Colorado Springs, CO
41,Data Scientist,"Colorado Springs, CO 80906 (Southwest Colorado Springs area)",        MEI Technologies,            IRES - Data Scientist (AS0003XO)*. The Data Scientist will work on the IRES Program supporting the Missile Defense Agency....,87000,128000,Colorado Springs, CO
42,            Quantitative Data Scientist,"Colorado Springs, CO",        Intrinio,            Intrinio is looking for a data scientist to design the next generation of financial data products. The ideal candidate will have led teams of data analysts and...,98000,144000,Colorado Springs, CO
43,Data Scientist - SAFB,"Colorado Springs, CO","        Davidson Technologies, Inc.","            He/She will work across a broad range of issues by employing technologies such as data pipelines, data services, operational data stores, data warehouses, data...",100000,148000,Colorado Springs, CO
44,Data Scientist,"Colorado Springs, CO","        1) Davidson Technologies, Inc.","            He/She will work across a broad range of issues by employing technologies such as data pipelines, data services, operational data stores, data warehouses, data...",99000,146000,Colorado Springs, CO
45,Data Scientist,"Colorado Springs, CO 80920 (Briargate area)",        LinQuest Corporation,            Implement data solutions that integrate data access layers across systems. Experience with data governance....,109000,160000,Colorado Springs, CO
46,Data Scientist,"Colorado Springs, CO 80912",        HX5,            The Data Scientist will work on the IRES Program supporting the Missile Defense Agency. S/He will collaborate with business units and end‐ users to create...,70000,104000,Colorado Springs, CO
47,            Senior Institutional Research Analyst,"Colorado Springs, CO 80918 (Powers area)",        University of Colorado,            Familiarity with Canvas data. Knowledge of data warehousing and database management. Managing Tableau for IR includes creating visualizations from existing...,62000,72000,Colorado Springs, CO
48,"Data Scientist/Junior Data Scientist - Cleveland, OH","Cleveland, OH",        Artemis Intelligence,"            Collaborating with a team of researchers, data scientists, and developers to annotate large datasets and identify/resolve inconsistencies and/or ambiguities....",60000,140000,Cleveland, OH
49,            Assistant Architect,"Roanoke, VA",        Burns & McDonnell,"            Assists with research and complies project related data as required by the project managers. Burns & McDonnell is making the world a more amazing place with more than 5,000 engineers, architects, construction...",53000,80000,Roanoke, VA
50,            Staff Mechanical Engineer - Aviation & Federal,"Roanoke, VA",        Burns & McDonnell,"            May assess feasibility or soundness of proposed applications when data is insufficient or testing is advisable. Burns & McDonnell is making the world a more amazing place with more than 5,000 engineers, architects,...",69000,100000,Roanoke, VA
51,            Staff Mechanical Engineer,"Roanoke, VA",        Burns & McDonnell,"            May assess feasibility or soundness of proposed applications when data is insufficient or testing is advisable. Burns & McDonnell is making the world a more amazing place with more than 5,000 engineers, architects,...",68000,99000,Roanoke, VA
52,            Staff Civil Engineer,"Roanoke, VA",        Burns & McDonnell,"            Assess feasibility or soundness of proposed applications when data is insufficient or testing is advisable. Burns & McDonnell is making the world a more amazing place with more than 5,000 engineers, architects,...",66000,97000,Roanoke, VA
53,            Research Computational Biologist (Research Associate ),"New Orleans, LA",        US Department of Agriculture,"            A working knowledge of analytical chemistry for acquiring and/or analyzing HPLC-MS natural product data and integration with computational, transcriptional and...",62236,80912,New Orleans, LA
54,"Data Scientist, Actuarial","Pittsburgh, PA 15222 (Strip District area)",        Innovu,"            By integrating and validating all data sources into a single, secure, cloud-based solution, clients gain control of their data, generating a 360-degree view of...",95000,140000,Pittsburgh, PA
55,Data Scientist,"Pittsburgh, PA 15205",        American Eagle Outfitters,"            Analyze large-scale data from multiple data sources, distill insights and communicate actionable results. Work with data engineering teams to translate problems...",87000,129000,Pittsburgh, PA
56,            Claims Research Analyst,"Coraopolis, PA 15108",        Paragon Asset Recovery Services,            *Opportunity: * Paragon has an immediate opening for a Research Analyst within our billing department. This position electronically reviews insurance...,29950,32750,Coraopolis, PA
57,            Senior Research Analyst,"Nashville, TN",        Tennessee Hospital Association,            Evaluate resulting data thoroughly. Prepare data for presentation to committees. Prepare data reports for hospital and consumer audiences....,65000,80000,Nashville, TN
58,            Statistical Programmer Specialist 2,"Nashville, TN",        Tennessee Department of Revenue - Audit Division,"            Assist with initial data analysis using data from the department’s tax system and archived data. Access databases, compile data and perform analysis to...",38460,61548,Nashville, TN
59,Data Scientist,"San Francisco, CA",        King.com,            We are looking for a talented and creative Data Scientist interested to work within the Strategic Partnerships team....,110000,162000,San Francisco, CA
60,Data Scientist Intern,"Berkeley, CA",        iota Biosciences,"            Cloud-based data storage:. Iota Biosciences, a Berkeley-based neurotechnology startup, is looking for an intern to help...",88000,129000,Berkeley, CA
61,Data Scientist Intern,"San Francisco, CA",        Rally Health,"            Leveraging data to measure and improve our offerings through metric development and instrumentation, data investigations...",108000,160000,San Francisco, CA
62,Data Scientist (Unstructured Data),"San Francisco, CA 94105 (Financial District area)",        Slync,            Able to manipulate data and improve data pipelines. We are looking for a Data Scientist with 5+ years of experience...,112000,165000,San Francisco, CA
63,            Summer 2019 Data Scientist Internship,"Berkeley, CA 94710",        Pivot Bio,Data Scientist Intern. Build data pipelines that allow quick analysis of new data sets....,35000,51000,Berkeley, CA
64,data scientist,"San Francisco, CA",        Dote Shopping,            We are a high growth company looking for our first Data Scientist. You’re experienced in working with large data sets...,98000,144000,San Francisco, CA
65,            Associate Data Scientist,"San Francisco, CA",        Gap Inc.,"Data Scientists, advanced analytics experts, and Product Managers to understand the role that analytics play in a16...",109000,160000,San Francisco, CA
66,            Supervisory Medical Technologists,"Fresno, CA 93710 (Hoover area)",        US Department of Veterans Affairs,"            Certification as a Medical Technologist, Medical Laboratory Scientist, or Clinical Laboratory Scientist given by the ASCP-BOC, ASCP-BOR, or AMT....",83573,108648,Fresno, CA
67,            Air Quality Engineer - Mid to Senior Level,"Fresno, CA 93710 (Hoover area)","        Yorke Engineering, LLC","            Experience with air permitting for Title V, RECLAIM, Annual Emissions Reporting, Air Dispersion Modeling, Air Quality Assessments including Data Analysis and...",80000,140000,Fresno, CA
68,            Decision Scientist - Data + Media,"Denver, CO 80202 (Lodo area)",        Ibotta,"            Analyze large amounts of data to provide clients with insights around campaign performance, sharing future recommendations, and helping develop new data...",92000,135000,Denver, CO
69,Data Scientist,"Denver, CO 80202 (Lodo area)",        talentarchitect.com,"            Capable in data analytic tools that include R, Python, SQL, SSIS. Demonstrated ability to use data visualization tools such as PowerBI, Spotfire, or Tableau....",78000,116000,Denver, CO
70,Data Scientist (Corporate),"Las Vegas, NV",        MGM Resorts International,            The Data Scientist will work with internal Enterprise Analytics departments and other MGM Resorts departments to lead...,75000,111000,Las Vegas, NV
71,Data Scientist,"Las Vegas, NV 89101 (Cultural Corridor area)",        The Influential Network,"            3+ years of experience working as a full-time data scientist. As a data scientist, you will work with our analysts and...",87000,129000,Las Vegas, NV
72,Data Scientist,"Las Vegas, NV",        Allegiant Travel Company,            The Data Scientist is responsible for efficiencies and optimization within Allegiant by implementing analytics and...,89000,132000,Las Vegas, NV
73,            Operations Research Systems Analyst (ORSA),"Nellis AFB, NV 89191","        Cervello Technologies, LLC","            Research and document process workflows and data flows. Data mining, statistical analysis, and mathematical models) to improve analytic tradecraft....",68000,103000,Nellis AFB, NV
74,"            Market Research Analyst, Network Development","Bakersfield, CA",        Roots Media inc,            Premier out-of-home marketing company seeks full-time Market Research Analyst to assist and support Network Development team with development of hyper-local...,30000,35000,Bakersfield, CA
75,            Air Quality Engineer - Mid to Senior Level,"Bakersfield, CA","        Yorke Engineering, LLC","            Experience with air permitting for Title V, RECLAIM, Annual Emissions Reporting, Air Dispersion Modeling, Air Quality Assessments including Data Analysis and...",80000,140000,Bakersfield, CA
76,Data Analyst / Jr. Data Scientist,"Seattle, WA 98115 (Wedgwood area)",        Logic20/20,            Demonstrated expertise in business analysis and data analysis. 3+ years of experience working with SQL queries and accessing data....,83000,122000,Seattle, WA
77,"            Analyst, Data Science, Surety","Seattle, WA 98101 (Downtown area)",        Liberty Mutual Insurance,"Data extraction and manipulation, exploratory data analysis (EDA), transformations, and linear regression; Extract, transform, visualize, and analyze data using...",76000,95000,Seattle, WA
78,Data Scientist (Insurance),"Bellevue, WA 98004 (Downtown area)",        Symetra,"Data Scientists, Analysts, or Interns over time. The Data Scientist is responsible for leading data science projects from scoping initiatives with business,...",101000,148000,Bellevue, WA
79,Data Scientist- Zillow Offers,"Seattle, WA 98101 (Downtown area)",        Zillow Group,            We're looking for a seasoned data scientist. You have extensive experience directly querying multi-terabyte-sized data sets (with Hive and Presto) including...,104000,154000,Seattle, WA
80,Data Scientist,"Seattle, WA 98101 (Downtown area)",        Zillow Group,            We're looking for a seasoned data scientist who has:. Below are some of the areas in which our Data Scientists focus their energy....,83000,123000,Seattle, WA
81,"Data Scientist, Engineering","Seattle, WA",        Google,"            As a Data Scientist, you will evaluate and improve Google's products. Work with large, complex data sets. At Google, data scientists not only revolutionize...",97000,143000,Seattle, WA
82,            Prinicpal Data Scientist,"Seattle, WA 98101 (Downtown area)",        Marchex,"            Applied Research Scientist. Demonstrated ability to get data from anywhere (SQL, REST api, Mongo/ElasticSearch, Hadoop, flat text file)....",94000,139000,Seattle, WA
83,            Park Ranger,"Seattle, WA",        US Department of the Army,"            Collect survey and statistical data. This is a Career Program (CP) 18 - Engineers and Scientists position. Information desk/recreation area duties including visitation and utilization data collection, explaining...",33064,48087,Seattle, WA
84,"            Analyst, Data Science, Surety","Seattle, WA 98101 (Downtown area)",        Liberty Mutual Insurance,"Data extraction and manipulation, exploratory data analysis (EDA), transformations, and linear regression; Extract, transform, visualize, and analyze data using quantitative techniques and/or predictive modeling to...",76000,95000,Seattle, WA
85,            Research Analyst,"Tucson, AZ",        University of Arizona,"            Extract, manage, and analyze data retrieved from UA centralized and distributed data sources (e.g., UAccess Analytics, Salesforce data, local data sources)....",70000,85000,Tucson, AZ
86,            Research Specialist,"Tucson, AZ",        University of Arizona,"            Familiar with computer based data record keeping. Use of computers for data and statistical analysis. Maintain accurate, orderly, detailed project records...",31132,38440,Tucson, AZ
87,"            Business Manager, Senior","Tucson, AZ",        University of Arizona,"            Analyzes and interprets statistics, financial data, and management planning data for predicting resource needs and developing long range plans....",48000,60000,Tucson, AZ
88,            Statistician,"Tucson, AZ",        University of Arizona,"            Collaborate with researchers in the analysis, interpretation, of clinical or survey data and presentation of research studies....",66300,,Tucson, AZ
89,"            Accountant, Principal","Tucson, AZ",        University of Arizona,            Ability to integrate data from multiple sources. Knowledge and ability to translate data into accurate financial and management reports from multiple sources....,45270,65100,Tucson, AZ
90,            Entry Level Data Analysis Trainer,"Falls Church, VA 22043",        Quantum Technologies Inc.,            Quantum Technologies is seeking a full-time Data Analytics trainer. At least 1-3 years of professional experience working as Data Analyst....,40000,45000,Falls Church, VA
91,Data Scientist (Junior Level),"Washington, DC",        9th Way Solutions,"            And builds large, complex data sets. Designs, modifies, and builds new data processes;...",108916,,Washington, DC
92,            Sr. Data Scientist,"Tysons, VA",        MRP,"            Knowledge of data structures. Area company who is revolved around an advanced networked business analytics platform, is looking to add a...",85000,110000,Tysons, VA
93,Data Scientist (Senior),"Washington, DC",        9th Way Solutions,"            And builds large, complex data sets. Designs, modifies, and builds new data processes; Positions that fall within this class include management personnel, scrum...",138579,,Washington, DC
94,            Research Analyst (Entry Level),"Washington, DC",        9th Way Solutions,            Runs research and analytics using necessary data. Documents and analyzes findings from research....,65391,,Washington, DC
95,Data Analysis,"Arlington, VA 22204 (Douglas Park area)","        Daniel Eke and Associates, PC",Data Analysis position*. Acquiring data from primary or secondary data sources and maintaining databases; Provide data integration by linking data from multiple...,70000,100000,Arlington, VA
96,Data Scientist (Subject Matter Expert),"Washington, DC",        9th Way Solutions,"            And builds large, complex data sets. Designs, modifies, and builds new data processes; Finds and recommends new uses for existing data sources;...",165000,,Washington, DC
97,            Cleared Data Scientist,"Reston, VA",        Leading Path Consulting,"            From time to time, the Data Scientist shall be called upon to consult with working-level data scientists on the appropriate use of particular data science...",150000,200000,Reston, VA
98,Data Scientist,"Norfolk, VA",        Frontier Technology Inc.,"            The Data Scientist must be able to communicate effectively in deciphering the data, as well as be able to provide hands-on training to the customer on the use...",101000,150000,Norfolk, VA
99,Data Scientist,"Virginia Beach, VA",        ServiceLink Information Technology,            Exploratory Data Analysis. We are looking for Data Scientist who is a data enthusiast with a broad understanding and experience with real-time analytics and...,89000,131000,Virginia Beach, VA
100,"Data Scientist, Life Experience Studies - Work in Richmond,...","Norfolk, VA",        Genworth,"            As our Data Scientist, Life Experience Studies, you will have an excellent opportunity to join a highly-motivated team responsible for providing analytical...",103000,152000,Norfolk, VA
101,Data Scientist,"Norfolk, VA","        MCR, LLC.",            Four years (within the last seven years) experience conducting predictive analytics using data science (big data) and providing advice on relevant issues in the...,104000,153000,Norfolk, VA
102,            ACC/A2 - Analytic Data Scientist,"Langley AFB, VA","        Apogee Engineering, LLC","            Experience with data management, data analytics, experimentation, innovation, and technology scouting....",84000,124000,Langley AFB, VA
103,Data Scientist,"Langley AFB, VA",        DCS Corp,"            Infoscitex is seeking a Data Scientist to join our team. As this Data Scientist, you will use established programmatic and quantitative methods to find patterns...",98000,144000,Langley AFB, VA
104,Data Scientist,"Norfolk, VA","        PRA Group, Inc.","            Ensure data integrity by leveraging proven methodologies, including data reconciliation, data integration and data audits....",91000,135000,Norfolk, VA
105,            Director of Accelerator Operations,"Newport News, VA",        Jefferson Lab,"            Ability to analyze and interpret complex data and develop models. The Accelerator Operations, Research & Development Division operates the 12 GeV Continuous...",118900,187700,Newport News, VA
106,            Hall D Postdoctoral Fellow,"Newport News, VA",        Jefferson Lab,"            The Hall D postdoctoral fellow is expected to take part in calibrating the detector systems, processing large data sets, analyzing the data, and obtaining...",56000,83600,Newport News, VA
107,            ACC/A2 - Analytic Data Scientist,"Langley AFB, VA","        Apogee Engineering, LLC","            Experience with data management, data analytics, experimentation, innovation, and technology scouting. Work closely and collaboratively with designers, engineers, data scientists, and others to build the best end-user...",84000,124000,Langley AFB, VA
108,Data Scientist Manager,"Norfolk, VA",        PRA Group,"            Ensure data integrity by leveraging proven methodologies, including data reconciliation, data integration and data audits. Data Scientist Manager is responsible for leading a team of Data scientists in research and...",104000,154000,Norfolk, VA
109,"            Civil/Environmental Engineering Intern, Norfolk VA, TM","Norfolk, VA 23502",        Tetra Tech,"            Analyze reports, maps, drawings, blueprints, test data, aerial photographs and other technical information. A Co-op/Intern engineering student working under the close supervision of engineers and scientists, will be...",52000,77000,Norfolk, VA
110,            POST-DOCTORAL RESEACH ASSOC #18062,"Norfolk, VA",        Old Dominion University Research Foundation,"Data collection, processing and analysis. Performs statistical, spatial and optical analyses, including selecting the appropriate procedures, preparing data for analysis, judging validity and reliability of data,...",41000,56000,Norfolk, VA
111,"Data Scientist, Life Experience Studies - Work in Richmond,...","Norfolk, VA",        Genworth,"            As our Data Scientist, Life Experience Studies, you will have an excellent opportunity to join a highly-motivated team responsible for providing analytical insights and experience studies to the organization....",103000,152000,Norfolk, VA
112,            COMPUTER SCIENTIST,"Phoenix, AZ 85032 (Paradise Valley area)",        US Department of the Navy,"            Computer Research Scientists. Computer And Information Research Scientists. Researching, interpreting, and carrying out computer scientist assignments. Specialized experience includes utilizing basic techniques,...",33394,164200,Phoenix, AZ
113,"Data Scientist- Weather Radar (Chandler, AZ)","Chandler, AZ",        Garmin,"            Creates new data products and derive information from data. We are looking for a full-time Data Scientist for our Chandler, AZ location....",93000,138000,Chandler, AZ
114,Data Scientist - Operations Research,"Tempe, AZ",        Carvana,"            We're looking for data scientists/engineers with a passion for tackling big problems. At Carvana, we sell cars, but we're not salespeople....",74000,109000,Tempe, AZ
115,Data Scientist II,"Scottsdale, AZ",        Discount Tire Corporate Careers,            Interprets disparate data/ complex data sets/ structured and unstructured data and other techniques to deliver insights or develop analytical solutions to...,83000,122000,Scottsdale, AZ
116,Data Scientist,"Phoenix, AZ",        Cyient,"Data Scientist - Phoenix, AZ. Must be strong on learning methods, data analytics, R/Python and Tableau. Identify and manage the analysis and interpretation of...",69000,102000,Phoenix, AZ
117,            Software Engineer (Data Scientist),"Phoenix, AZ",        ViaSat,"            Experience with python data analysis libraries, e.g. Pandas, numpy, etc. Viasat is looking for a talented Software Engineer (Data Scientist) to join our growing...",92000,136000,Phoenix, AZ
118,Data Scientist,"Phoenix, AZ 85050 (Desert View area)",        Soaren Management LLC,            To manipulate data and draw insights from large data sets. We?re currently looking for an experienced Data Scientist with deep technical and statistical...,84000,124000,Phoenix, AZ
119,            Systems Engineer I,"Virginia Beach, VA 23456",        City of Virginia Beach,            Junior Data Scientist. Promote data driven culture and support growth and development of organizational data community of practice. Data and Information Management Team mission:....,64355,98800,Virginia Beach, VA
120,            Systems Engineer I,"Virginia Beach, VA 23456",        City of Virginia Beach,            Junior Data Scientist. Promote data driven culture and support growth and development of organizational data community of practice....,64355,98800,Virginia Beach, VA
121,            Sr. Data Scientist,"Irving, TX",        7-Eleven,            OverviewNotice of Filing of Application for Alien Employment CertificationThis Notice is being provided as a result of the filing of an application for perma...,87800,162700,Irving, TX
122,            Operations Research Analyst - Resilience,"Dallas, TX","        City of Dallas, TX","            Assist management with research, data analysis, and preparations. Disseminate relevant information and data to be used when making recommendations to City staff...",50201,95240,Dallas, TX
123,            Research & Assessment Analyst II,"Tulsa, OK",        Tulsa Community College,            Tulsa Community College is committed to creating equitable and inclusive work environments to support the success of the full range of our employees. We...,51452,,Tulsa, OK
124,            Engineer - Software 1,"Tulsa, OK",        L3 Technologies,"            Our team of scientists, engineers, and technicians provide expert support to Department of Defense (DoD), government agencies, and aerospace prime contractors....",72000,108000,Tulsa, OK
125,            Sr Software Engineer,"Tulsa, OK",        L3 Technologies,"            Our team of scientists, engineers, and technicians provide expert support to the Department of Defense (DoD), government agencies, and aerospace prime...",85000,114000,Tulsa, OK
126,            Regulatory Scientist I,"Jacksonville, FL",        St. Johns River Water Management,"            Reviewing construction plans, mitigation plans, and environmental data; Performing environmental assessments using aerial photographs, vegetation, soils and...",42494,,Jacksonville, FL
127,Data Scientist,"Jacksonville, FL",        Florida Blue,Data Scientists produce innovative solutions driven by exploratory data analysis from complex and high-dimensional datasets....,91000,135000,Jacksonville, FL
128,            Technical Writer/Clinical Evaluation Report Lead,"Jacksonville, FL 32256",        Synergy Solutions,"            Organizes clinical data from literature into references, graphics, tables, and data listings. Experience using software systems to manage literature data (e.g....",110000,,Jacksonville, FL
129,            Analytical Scientist,"Raleigh, NC",        EPM Scientific,"            Principle Scientist | Analytical R&D*. Able to facilitate, analyze and interpret the data from experiment results....",70000,100000,Raleigh, NC
130,            Principal Data Scientist,"Morrisville, NC 27560",        Piper Companies,            Responsibilities for the Principal Data Scientists include:. 12+ years of experience as a Data Scientist. Ability to work with diverse data sources like spatial...,130000,200000,Morrisville, NC
131,            .Net Developer/Data Scientist,"Durham, NC",        Metas Solutions,"            Participating in component and data architecture design, performance monitoring, product evaluation and buy versus build recommendations....",60000,85000,Durham, NC
132,Data Scientist,"Raleigh, NC",        Quadient,"            At Quadient, data scientists routinely work on massive scalability and storage solutions, large-scale data sets and help to define revolutionary ways to extract...",82000,121000,Raleigh, NC
133,"            Sr Research Scientist, Early Childhood","Chapel Hill, NC 27514",        Child Trends,"            Supervises the data collection, tabulation, and analysis by research scientists, analysts and assistants....",103500,,Chapel Hill, NC
134,Data Scientist,"Durham, NC 27702",        Thermo Fisher Scientific,"            Participate in projects, tasks, and activities related to data integration, data cleaning, descriptive analyses, exploratory analyses, predictive modeling, data...",85000,126000,Durham, NC
135,"            Research Analyst/Sr. Research Analyst, Youth Development","Chapel Hill, NC 27514",        Child Trends,            Applying statistical analysis to quantitative data and/or analyzing qualitative data; And analyzing the data....,54500,65000,Chapel Hill, NC
136,Data Scientist and Software Developer,"Troy, MI 48084",        Aquasight LLC,"Data acquisition, data transformation, data management, data and statistical modeling, time series, visualization, discovery, predictive analytics and machine...",65000,85000,Troy, MI
137,            Coatings Chemist,"Plymouth, MI 48170",        Resinate Materials Group,            Work closely with the business team to ensure products move down the commercialization pipeline toward commercialization.Such duties include producing product...,50000,80000,Plymouth, MI
138,Data Scientist,"Charlottesville, VA 22903",        Elder Research Inc,"            While we do not have any openings for Data Scientists at this time, you are welcome to submit a resume for our files....",74000,110000,Charlottesville, VA
139,            Research Scientist- Data Science Institute,"Charlottesville, VA",        The Rector & Visitors of the University of Virgini...,"            Please apply through your Workday Home page, search “Find Jobs”, and search for ‘Research Scientist – Data Science Institute....",48000,71000,Charlottesville, VA
140,"Data Scientist, Product Development","Charlottesville, VA 22902",        Merkle Inc.,"            Design, develop, test, deploy and maintain machine learning techniques for Merkle data products. Products run on Amazon Web Services (AWS) and use terabytes of...",98000,144000,Charlottesville, VA
141,Data Scientist,"Charlottesville, VA",        Castle Hill Gaming,            Castle Hill Gaming is seeking a Data Scientist to help us refine and deliver even better products using data....,86000,127000,Charlottesville, VA
142,            Institutional Research Analyst,"Orange, VA",        Virginia Germanna Community College,"Data entry and data extraction, data analysis and presentation, research design, statistical analysis, and development of queries and computer programs....",48000,53000,Orange, VA
143,Data Scientist (Emerging & Disruptive Technologies),"Charlottesville, VA 22903",        SHINE Systems & Technologies,"            SHINE Systems is seeking a Developer/Data Scientist who possesses a strong background in data mining, data analysis, aggregation, fusion, and visualization....",106000,156000,Charlottesville, VA
144,            Institutional Research Analyst,"Orange, VA",        Germanna Community College,"Data entry and data extraction, data analysis and presentation, research design, statistical analysis, and development of queries and computer programs....",48000,53000,Orange, VA
145,            Bioinformatics/Genomics Data Scientist,"Charlottesville, VA","        Signature Science, LLC","            A bioinformatics/genomics data scientist is responsible for providing experimental design consulting and data analysis for large, high-throughput genomic...",86000,126000,Charlottesville, VA
146,            Associate Software Developer,"Charlottesville, VA 22902",        Silverchair Science and Communications,"            Understanding of Object-Oriented design, data structures, and algorithms. What that really means is we use and create advanced technologies to connect doctors,...",69000,103000,Charlottesville, VA
147,Data Scientist (Advanced Research Analytics),"Charlottesville, VA 22903",        SHINE Systems & Technologies,"            SHINE Systems is seeking a Developer/Data Scientist who possesses a strong background in data mining, data analysis, aggregation, fusion, and visualization....",95000,140000,Charlottesville, VA
148,Data Scientist II,"Charlottesville, VA",        ABSc,"            The Customer's Defense Business Unit located in Charlottesville, VA is seeking a Developer/Data Scientist who possesses a strong background in data mining, data...",105000,156000,Charlottesville, VA
149,"            Physical Scientist (Water Quality), GS-1301-12 (DEU)(KJ)","Sacramento, CA",        US Department of the Interior,"            Join the staff of the Bureau of Reclamation as a Physical Scientist (Water Quality). This position is located with the Bureau of Reclamation, Mid-Pacific Region...",80993,105295,Sacramento, CA
150,            Client Integrations Manager / Program Manager,"Sacramento, CA",        Lumity Inc,"            We're looking to bring together an amazing team of tech professionals, data scientists and benefits specialists with the drive to deliver a superior benefits...",65000,70000,Sacramento, CA
151,            Junior Specialist for the Solomon Lab at the UC Davis MIND I...,"Sacramento, CA 95817 (North Oak Park area)","        University of California, Davis","            Experience with data analysis in psychology and/or cognitive neuroscience. Scoring of questionnaires and assessments, data entry, and database maintenance....",39500,,Sacramento, CA
152,Data Scientist,"Columbus, OH",        ASM WEB TECH PVT LTD,"            Extensive hands on experience working with very large data sets, including statistical analyses, data visualization, data mining, and data cleansing/transformation; Working closely with the technology and learning teams,...",50000,100000,Columbus, OH
153,Data Scientist,"Columbus, OH",        KOGNETICS,"            Extensive hands on experience working with very large data sets, including statistical analyses, data visualization, data mining, and data cleansing/transformation; Working closely with the technology and learning teams,...",70000,,Columbus, OH
154,            Administrative Associate 1,"Columbus, OH",        The Ohio State University,"            Reconciles fiscal and HR data and reports each month; With 38 departments, 20+ world-class research centers, and more than 2,000 faculty and staff members, students have the unique opportunity to study with the best...",48000,52000,Columbus, OH
155,            Instructional Development Spec,"Columbus, OH",        The Ohio State University,"            With 38 departments, 20+ world-class research centers, and more than 2,000 faculty and staff members, students have the unique opportunity to study with the...",47476,50000,Columbus, OH
156,            Lighting Studio Manager,"Columbus, OH",        The Ohio State University,"            With 38 departments, 20+ world-class research centers, and more than 2,000 faculty and staff members, students have the unique opportunity to study with the...",47476,50000,Columbus, OH
157,            Research Scientist,"Columbus, OH 43212",        Ohio State University Medical Center,"            Research Scientist (Job Opening 447684) - Research Scientist conceptualizes, designs, implements and directs research projects in the Davis Heart and Lung...",50000,,Columbus, OH
158,Data Analytics Consultant,"Columbus, OH 43212",        Ohio State University Medical Center,Data Analytics Consultant (Job Opening 435100) - Data Scientist contributes strategic vision and serves as the top-level technical contributor and lead for the...,78600,,Columbus, OH
159,            RT Data Scientist,"Cincinnati, OH",        AtWork,"            You need to be technically capable as a Data Scientist. As a Data Scientist, you will be using Big Data and advanced analytics to direct the engagement of our...",100000,160000,Cincinnati, OH
160,Data Scientist,"Cincinnati, OH 45249",        Vantiv,"            The Data Scientist designs and develops methods and systems that have the ability to consolidate and analyze ""big data"" that generate insights to untapped...",101000,148000,Cincinnati, OH
161,Data Scientist,"Cincinnati, OH","        Digital Management, LLC","            Solid understanding of data analysis process, including problem specification, data exploration, data modeling, evaluation and recommendation....",72000,106000,Cincinnati, OH
162,Data Analytics/Scientist,"Cincinnati, OH 45249",        Vantiv,Data modeling and feature engineering. Draws on past experience and data to provide insightful analytics....,107000,158000,Cincinnati, OH
163,Data Scientist (Python/R) - Workforce Analytics - USDC,"Cincinnati, OH 45202 (Mount Adams area)",        Deloitte,Data Scientist (Python/R) - Workforce Analytics - USDC. As a Deloitte Data Scientist you will use data and analytics methods and technologies to help clients...,75000,110000,Cincinnati, OH
164,            Core Data Scientist/Analyst,"Baton Rouge, LA",        Code Willing,            General knowledge of financial data markets and time series data sets. Build analytical models and visualizations that provide actionable insights into data...,50000,75000,Baton Rouge, LA
165,Data Scientist (Intern),"Chantilly, VA 20151",        General Dynamics Information Technology,"            Our Technology Internship Program is designed for those with an interest in software development, data, cyber, networking, and IT support....",80000,118000,Chantilly, VA
166,Data Scientist/ AI Intern,"Springfield, VA 22150",        IOMAXIS,            IOMAXIS is seeking a data scientist/ artificial intelligence intern. Successful candidates can look forward to a highly collaborative...,85000,125000,Springfield, VA
167,"Data Scientist, Junior","Washington, DC",        Booz Allen Hamilton,"Data Scientist, Junior. As a data scientist, you can turn these complex data sets into useful information to solve global challenges....",93000,136000,Washington, DC
168,Data Scientist Intern,"McLean, VA 22102",        Booz Allen Hamilton,"Data Scientist Intern. Knowledge of standard research techniques, statistical analysis, and data compilation....",84000,124000,McLean, VA
169,            Sr. Data Scientist,"Tysons, VA",        MRP,"            Knowledge of data structures. Area company who is revolved around an advanced networked business analytics platform, is looking to add a Data Scientist to their growing team....",85000,110000,Tysons, VA
170,Data Scientist (Senior),"Washington, DC",        9th Way Solutions,"            And builds large, complex data sets. Designs, modifies, and builds new data processes; Positions that fall within this class include management personnel, scrum masters, product owners, program managers, consultants,...",138579,,Washington, DC
171,Data Scientist,"Arlington, VA",        U.S. Federal Government,"            The USPS OIG is seeking a highly qualified applicant to fill our Data Scientist position in the Chief Data Analytics, Mail Operations Team located in Arlington, Virginia....",56233,126062,Arlington, VA
172,            Interdisciplinary,"Fort Shafter, HI",        US Department of the Army,            GS-07 Computer Scientist:. Basic Requirement for Computer Scientist:. Design and engineer the installation data communications infrastructure....,54163,108137,Fort Shafter, HI
173,            Molecular Diagnostics Scientist / Proteomics,"Baltimore, MD",        Complete Omics Inc.,            Perform data analysis with statistical and bioinformatics tools. Complete Omics has an immediate opening for a full-time Molecular Diagnostics Scientist...,36000,65000,Baltimore, MD
174,            Geospatial Data Scientist,"Annapolis, MD 21401",        Chesapeake Conservancy Inc,"            While this position will be the only data scientist within the CIC, this position will work closely with partners with strong data science programs....",100000,125000,Annapolis, MD
175,            Research Data Analyst,"Baltimore, MD",        Johns Hopkins University,            Research Data Analyst. Provides data verification based on specialized skill and knowledge. Sound working knowledge of databases and statistical software for...,44749,61610,Baltimore, MD
176,            Applied Social Scientist,"Fort Meade, MD",        National Security Agency,"            Incumbents will work with industrial/organizational (I/O) psychologists, strategic consultants, survey researchers, data scientists, and other human capital...",69581,108422,Fort Meade, MD
177,            Research and Evaluation Analyst,"Portland, OR 97232 (Kerns area)",        IRCO,            This position will work closely with IRCO’s ETO Managers and the PNI data and evaluation team to develop data management systems through the ETO database....,40000,49000,Portland, OR
178,            Software Development Engineer- Consumer Engagement Data and...,"Portland, OR",        Cambia Health,            Knowledge of Python data stack to collaborate w/ Data Scientists and Analysts throughout ML development lifecycle....,72000,107000,Portland, OR
179,Data Scientist IV,"Portland, OR 97204 (Downtown area)",        Standard Insurance Company,            Work with large data sets and develop algorithms and supporting code to ensure the highest quality data. You will guide and work with data engineers and domain...,103000,152000,Portland, OR
180,            Technical Delivery Manager -- Data Science,"Portland, OR",        Lenati,"            Must have experience leading data scientists – at least two years of mentoring and managing experts. Technical Project Manager, Data Science....",88000,130000,Portland, OR
181,            Quantitative Modeler/Data Scientist (Portland),"Portland, OR 97258 (Downtown area)",        Umpqua Bank,"            2-4 years of work experience working as a data scientist, model developer, model validator or as a quant working at a bank or financial firm....",108000,159000,Portland, OR
182,            Healthcare Payer Data Scientist Consultant,"Portland, OR",        Accenture,"            Effectively utilize statistical, data mining, machine learning, and/or deep learning techniques in delivering data science insights....",111000,164000,Portland, OR
183,Scientist I,"Lexington, KY",        University of Kentucky,"            S/he will be expected to have adequate computer skills, and be able to put together data into presentations, reports and manuscripts....",40872,65395,Lexington, KY
184,            Geologist III,"Lexington, KY",        University of Kentucky,"            Demonstrated proficiency in the use of modern computational tools such as Matlab, Mathematica, R, or Python—as well as GIS, remote sensing, and/or mine planning...",48526,80059,Lexington, KY
185,            Post-Doctoral Scholar,"Lexington, KY",        University of Kentucky,            The University of Kentucky’s Center for Environmental and Systems Biochemistry seeks a Postdoctoral scientist in Mass Spectroscopy....,47476,50000,Lexington, KY
186,            Post-Doctoral Scholar in Physiology,"Lexington, KY",        University of Kentucky,"            We are seeking outstanding scientists with Ph.D., M.D., or equivalent degrees. This includes designing and conducting experimental studies within an...",44000,60000,Lexington, KY
187,Data Scientist,"Lexington, KY 40507 (Central Downtown area)","        Xometry, Inc.","            Using data analysis tools to prepare data visualizations. As a Data Scientist at Xometry, your day-to-day activities might include the following:. Writing queries to query and extract data from product databases (requires knowledge of...",94000,138000,Lexington, KY
188,            Healthcare Payer Data Scientist Consultant,"Lexington, KY",        Accenture,"            Effectively utilize statistical, data mining, machine learning, and/or deep learning techniques in delivering data science insights. We are a team of experts in data science, data engineering, artificial intelligence and human ingenuity...",112000,166000,Lexington, KY
189,            Geologist III,"Lexington, KY",        University of Kentucky,"            Demonstrated proficiency in the use of modern computational tools such as Matlab, Mathematica, R, or Python—as well as GIS, remote sensing, and/or mine planning software—for advanced geologic data visualization, analysis, and/or simulation....",48526,80059,Lexington, KY
190,            MED TECHNOLOGIST,"Lexington, KY 40508 (Central Downtown area)",        CHI Saint Joseph Health,"            Maintains confidentiality and protects sensitive data at all times. Provides teaching and education to clinical laboratory scientist students and other laboratory. Perform a variety of chemical, microscopic, and bacteriologic procedures of...",38000,57000,Lexington, KY
191,            Post-Doctoral Scholar,"Lexington, KY",        University of Kentucky,"            The University of Kentucky’s Center for Environmental and Systems Biochemistry seeks a Postdoctoral scientist in Mass Spectroscopy. The incumbent will conduct metabolomics research associated with projects in Lung Cancer Metabolism, which...",47476,50000,Lexington, KY
192,            Post-Doctoral Scholar in Physiology,"Lexington, KY",        University of Kentucky,"            And organizing, analyzing, and presenting experimental data. We are seeking outstanding scientists with Ph.D., M.D., or equivalent degrees. N/A....",44000,59000,Lexington, KY
193,            GENERAL PHYSICAL SCIENTIST,"Phoenix, AZ 85032 (Paradise Valley area)",        US Department of the Navy,"            Researching, interpreting, and carrying out computer scientist assignments;...",35854,98317,Phoenix, AZ
194,Data Scientist I,"Charlotte, NC 28203 (Dilworth area)",        Cardinal Innovations Healthcare Solutions,"            The Data Science Analyst II reports to, and is directly supervised by the Director of Data Science....",72000,107000,Charlotte, NC
195,Data Scientist,"Charlotte, NC 28273 (Olde Whitehall area)","        Bojangles' Restaurants, Inc",            We are looking for a Data Scientist to join our team and provide insight into vast amounts of data and help in our...,90000,133000,Charlotte, NC
196,Data Engineer,"Charlotte, NC",        EasyKnock,"            The data engineer will responsible for the data processes at EasyKnock, loading data from our CRM, Marketing platforms,...",80000,95000,Charlotte, NC
197,            Technology Strategy - Data Scientist,"Charlotte, NC",        Albemarle Corporation,            The Technology Strategy - Data Scientist is a key role in the Data Science team....,108000,159000,Charlotte, NC
198,            Research Analyst,"Charlotte, NC 28209 (Ashbrook-Clawson Village area)",        Gulf Stream Asset Management,"            POSITION SUMMARY A Charlotte, NC based credit management firm focused on broadly syndicated bank loans is seeking...",85000,,Charlotte, NC
199,Data Scientist (NLP/Machine Learning) - Immediate Opening,"Charlotte, NC","        Nowigence, Inc.",            Nowigence is a software-as-a-service (SaaS) company that interlaces structured and unstructured data to provide...,95000,140000,Charlotte, NC
200,            Senior Data Scientist,"Charlotte, NC",        EasyKnock,"            Work with the data engineers to perform data surveying, profiling, and pre-processing....",100000,120000,Charlotte, NC
201,            ML Data Engineer,"Huntersville, NC","        HuntSource, LLC",            Work with CoE data scientists to understand project data requirements and needs. Work with data architects to understand and improve inbound data pipeline....,125000,140000,Huntersville, NC
202,"            Associate Director, Data Scientist","Charlotte, NC 28202 (Downtown Charlotte area)","        HuntSource, LLC","            3-5 years of experience in analytics, risk, quant, data science, and/or data engineering. Bachelor’s Degree with a focus on data science, statistics,...",110000,120000,Charlotte, NC
203,            Senior Research Analyst,"Charlotte, NC 28209 (Ashbrook-Clawson Village area)",        Gulf Stream Asset Management,"            POSITION SUMMARY A Charlotte, NC based credit management firm focused on broadly syndicated bank loans is seeking persons with 7-20 years of credit...",125000,175000,Charlotte, NC
204,            Risk Scientist,"Boston, MA 02108 (Back Bay-Beacon Hill area)",        Commonwealth of Massachusetts,"            Knowledge of data assessment techniques including benchmark dose calculations; Reviewing and recommending data collection methods for soil, air and water;...",74162,108740,Boston, MA
205,            Laboratory Aide 3,"Decatur, GA",        Georgia Department of Public Health,"            Under broad supervision, assists technicians and laboratory scientists with data entry or specimen collection and laboratory procedures....",24000,,Decatur, GA
206,            Health Scientist,"Atlanta, GA 30307",        Centers for Disease Control and Prevention,"            ""As a Health Scientist you will:. Public Health Knowledge Research Translation Research (2) Data Collection Data Analysis and Interpretation Collaboration /...",110231,143304,Atlanta, GA
207,            Sponsor Funded Professional | Data Scientist,"Atlanta, GA",        Georgia State University,"            The Georgia Policy Labs seeks a curious and conscientious Data Scientist. This position will contribute to the data management, processing, and analysis of many...",57000,85000,Atlanta, GA
208,            Senior Data Scientist,"Springfield, NE 68059",        Red Berry Innovations,            As a Senior Data Scientist. We are not your average employer with everyday problems and busy work – you will work on things that will change the way the world...,75000,115000,Springfield, NE
209,            3D Generalist I-iEXCEL,"Omaha, NE",        University of Nebraska Medical Center,"            Physicians, nurses and research scientists). Ability to work with data sets (3D Modeling, convert high polygon, rendering, rigging, animation)....",50000,75000,Omaha, NE
210,Data Analysis,"Arlington, VA 22204 (Douglas Park area)","        Daniel Eke and Associates, PC",Data Analysis position*. Acquiring data from primary or secondary data sources and maintaining databases;...,70000,100000,Arlington, VA
211,Data Scientist,"Washington, DC",        Booz Allen Hamilton,"            As a data scientist, you can turn these complex data sets into useful information to solve global challenges....",93000,138000,Washington, DC
212,Data Scientist,"Washington, DC",        FREEDOM CONSULTING GROUP,"            As a Data Scientist, you will work on a variety of exciting projects in a mission-driven agency with a lot of opportunities to solve complex...",80000,118000,Washington, DC
213,            Artifical Intelligence Data Scientist,"Arlington, VA 22209 (Radnor-Ft Myer Heights area)",        Deloitte,"            Artificial Intelligence Data Scientist. Implement large-scale data ecosystems including data management, governance and the integration of...",66000,97000,Arlington, VA
214,Data Scientist,"Alexandria, VA",        Human Resource Cert Inst,            Ingests large volumes of data into data lakes and builds pipelines to create analytical data stores for insights generation....,79000,116000,Alexandria, VA
215,Data Scientist (Mid-Level),"Washington, DC",        9th Way Solutions,"            And builds large, complex data sets. Designs, modifies, and builds new data processes; Positions that fall within this class include non-manager technical...",121454,,Washington, DC
216,Data Scientist,"Arlington, VA",        U.S. Federal Government,"            The USPS OIG is seeking a highly qualified applicant to fill our Data Scientist position in the Chief Data Analytics, Mail Operations Team located in Arlington,...",56233,126062,Arlington, VA
217,Data Scientist Intern,"Berkeley, CA",        iota Biosciences,"            Cloud-based data storage:. Iota Biosciences, a Berkeley-based neurotechnology startup, is looking for an intern to help develop a data science pipeline for pre...",88000,129000,Berkeley, CA
218,            QSP/D Scientist,"San Ramon, CA",        Surf to Snow Environmental Resource Management,"            Respond to information requests from Clients, industry associations, and public agencies (e.g., pesticide programs, interpreting spill data, transformer PCB...",65000,75000,San Ramon, CA
219,            Analyst,"Berkeley, CA 94710",        Evio Labs,"            Our team consists of an ever-evolving and expanding group of scientists, researchers, engineers, educators, business owners and experienced cannabis industry veterans. Analysts will be required to interpret analytical data, prepare and...",45000,52000,Berkeley, CA
220,            Laboratory Technician II,"Contra Costa County, CA","        County of Contra Costa, California","            Assists in laboratory data collection. Assists Clinical Laboratory Scientists in the performance of testing in hematology, chemistry, urinalysis and other areas...",43579,52970,Contra Costa County, CA
221,            Environmental Compliance Specialist (Mid level),"Rancho Cucamonga, CA 91739",        JE Group of Companies,            Conducting site visits at client facilities to collect and review data for evaluations and reports. JECSI is a mid-sized company of environmental consultants...,55000,65000,Rancho Cucamonga, CA
222,            Sr. Data Scientist,"Irving, TX",        7-Eleven,            Work closely with data engineers to ensure the source data is aggregated and cleansed. Work with DevOps to build automated data pipelines....,87800,162700,Irving, TX
223,            Laboratory Scientist I,"San Antonio, TX 78205 (Downtown area)",        City of San Antonio,            Laboratory Scientist I Supplemental Questionnaire. Executes disposition of records and accurately maintains laboratory data files and associated documents in...,32712,49068,San Antonio, TX
224,            COMPUTER SCIENTIST,"Lackland AFB, TX",        US Department of the Air Force,"            Duties Summary Click on """" button below for IMPORTANT additional information. This position is in the Defense Civilian Intelligence Personnel System (DCIPS)...",103106,134038,Lackland AFB, TX
225,            AI and ML Data Scientist,"Louisville, KY 40223",        Schneider Electric,"            Schneider Electric is looking for a passionate, talented, and inventive “Applied Data Scientists” with a strong machine learning and data science background to...",78000,115000,Louisville, KY
226,"            Supervisory Statistical Assistant, GS-1531-08, SPB-MP-DEU-Ex...","Jeffersonville, IN 47190",        US Department of Commerce,            Manage the data collection of three vitally important monthly economic indicator surveys. Specialized experience is defined as experience in statistical methods...,46572,60543,Jeffersonville, IN
227,            Senior Developer,"Louisville, KY 40211 (Parkland area)",        El Toro,            BIG Data experience. Calling all hard-core Software Architects / Developers - We’re looking for the best and brightest computer scientists in the world....,95000,137000,Louisville, KY
228,            Mechanical Engineer,"Louisville, KY",        US Department of the Army,"            This is a Career Program (CP) 18 - Engineers & Scientists position. Ability in researching appropriate sources for mechanical design and analysis techniques,...",103106,134038,Louisville, KY
229,Data Scientist/ AI Intern,"Springfield, VA 22150",        IOMAXIS,            IOMAXIS is seeking a data scientist/ artificial intelligence intern. Successful candidates can look forward to a highly collaborative environment where their...,85000,125000,Springfield, VA
230,Data Scientist (Junior Level),"Washington, DC",        9th Way Solutions,"            And builds large, complex data sets. Designs, modifies, and builds new data processes; Finds and recommends new uses for existing data sources;...",108916,,Washington, DC
231,Data Scientist,"Arlington, VA 22201 (Lyon Village area)",        Elder Research Inc,"            While we do not have any openings for Data Scientists at this time, you are welcome to submit a resume for our files....",78000,115000,Arlington, VA
232,            Sr. Data Scientist,"Tysons, VA",        MRP,"            Knowledge of data structures. Area company who is revolved around an advanced networked business analytics platform, is looking to add a Data Scientist to their...",85000,110000,Tysons, VA
233,Data Scientist,"Washington, DC",        Booz Allen Hamilton,"            As a data scientist, you can turn these complex data sets into useful information to solve global challenges. A chance to change the world with the Data Science...",93000,138000,Washington, DC
234,Data Scientist,"Chicago, IL",        My WindowWorks,            The ideal candidate could think of himself or herself as a data scientist. Perform regularly scheduled data cleansing and governance activities....,75000,95000,Chicago, IL
235,            Associate Data Scientist,"Chicago, IL","        Blue Cross Blue Shield of IL, MT, NM, OK & TX",Data scientists work embedded in specific business areas or on our centralized enterprise analytics team to develop data science products using machine learning...,94000,139000,Chicago, IL
236,Data Scientist Summer Internship 2019,"Chicago, IL",        BMW Technology Corporation,"            We are pleased to offer a position as Data Scientist:. You will be responsible for extracting, analyzing and monitoring data related to BMW Digital Services....",31000,46000,Chicago, IL
237,            Salesforce Data Specialist,"Chicago, IL",        My WindowWorks,            The ideal candidate could think of himself or herself as a data scientist. Perform regularly scheduled data cleansing and governance activities....,75000,95000,Chicago, IL
238,Data Scientist,"Chicago, IL 60654 (Loop area)",        Grainger,            As a Data Scientist at Grainger you will be doing hands-on work for some of the organization’s most important priorities for the next few years....,59000,87000,Chicago, IL
239,Data Scientist,"Chicago, IL","        Blue Cross Blue Shield of IL, MT, NM, OK & TX","            We’re looking for a Data Scientist in our growing Enterprise Analytics area to develop new data science products using machine learning, natural language...",93000,137000,Chicago, IL
240,Data Scientist / Quantitative Analyst,"Chicago, IL 60601 (Loop area)",        S&P GLOBAL MARKET INTELLIGENCE,Data Scientist / Quantitative Analyst. Alternative Data Sets. We are seeking a Data Scientist / Quantitative Analyst to join our Quantamental Research team....,86000,127000,Chicago, IL
241,            Campus: Data Scientist (Summer 2019 Start),"Chicago, IL",        Optiver US,            Optiver is looking for entry level Data Scientists in our Chicago office. Collaborate with Senior Traders and Data Scientists to develop strategies based on...,69000,101000,Chicago, IL
242,"Data Scientist, Product Development","Chicago, IL 60603 (Loop area)",        Merkle Inc.,"            Design, develop, test, deploy and maintain machine learning techniques for Merkle data products. Products run on Amazon Web Services (AWS) and use terabytes of...",99000,145000,Chicago, IL
243,Data Engineer/Data Scientist,"Chicago, IL",        CMYSolutions,"            Seeking a highly motivated candidate that will be able to manipulate large volumes of data and build solutions for data collection, management, and usage....",71000,105000,Chicago, IL
244,Data Scientist,"Chicago, IL 60626 (Rogers Park area)",        Gallagher,"            Proficient with building data pipelines from larger data sets. The data scientist will partner with sales, marketing, and operations for Gallagher’s Brokerage...",100000,147000,Chicago, IL
245,Data Scientist - Consumer Operations,"Chicago, IL 60661 (Near West Side area)",        TransUnion,            Experience with a data visualization tool such as Tableau or SpotFire. Knowledge of ETL tools like Ab Initio to manage projects and coordinate with data loading...,86000,127000,Chicago, IL
246,            Intern - Data Sciences,"Chicago, IL",        Early Warning Services,"            This position provides basic support to the Data Sciences team while at the same time learning data mining, data visualization, and Python programming from an...",75000,111000,Chicago, IL
247,Data Scientist,"Chicago, IL 60606 (Loop area)",        Home Partners of America Inc,"            The Data Scientist can expect to be writing code and scripting on a daily basis, working cross-functionally with the Data Engineers and Software Developers on...",84000,124000,Chicago, IL
248,            PORTFOLIO RESEARCH ANALYST,"Chicago, IL",        The HOUSEpital,"            Department: The HOUSEpital Company Project Location(s): Chicago, Illinois Job Type: Full time, Employee Education:...",125000,,Chicago, IL
249,"            VP, Data Scientist","Chicago, IL",        Synchrony,"            Manage, lead and grow team of Data Scientists. 1+ years managing team of analysts and/or data scientists....",85000,170000,Chicago, IL
250,            Legal Research/Data Analyst,"Los Angeles, CA 90071",        Legalmation,            Coming up with creative solutions to get the results we need from complicated data sets. Join us as a Research Analyst at a rapidly growing legal technology...,60000,80000,Los Angeles, CA
251,"Data Specialist, Arches","Los Angeles, CA 90049",        The J. Paul Getty Trust,"            Instrumentation data, imagery, reports, etc.). Where there are no established best practices, the Data Specialist will work closely with internal scientific...",54992,68745,Los Angeles, CA
252,Data Scientist,"Los Angeles, CA",        上海冰鉴信息科技有限公司IceKredit,            8.Insightful into data; 1.Extract and thoroughly analyze large piles of data. Experience with big data processing on platforms such as Spark and Hadoop is...,50000,100000,Los Angeles, CA
253,Data Scientist,"Santa Monica, CA",        Roku,"Data Scientists move quickly and prototype new solutions methodically. At Roku, Data Scientists leverage Big Data and machine learning to maximize efficiency...",109000,160000,Santa Monica, CA
254,"            Analyst, Data & Research","Los Angeles, CA 90017",        Los Angeles Homeless Services Authority,            Experience in collecting primary data and managing administrative data. Assists with data collection and preparation of data for further review and analysis....,49820,72239,Los Angeles, CA
255,"Data Scientist - Machine Learning, Ad Tech","Santa Monica, CA 90401",        Uber,            Minimum of 1-3 years of working experience as a data scientist. We are looking for a Data Scientist to join our data science team to solve interesting and...,111000,164000,Santa Monica, CA
256,            Enterprise Data Scientist I,"Woodland Hills, CA",        Farmers Insurance Group,            The Data Scientist 1 will work on end to end solutions as part of a team. The Enterprise Data Scientist I will be a valuable part of the Data Science team who...,99000,147000,Woodland Hills, CA
257,Data Analyst,"Los Angeles, CA",        Shapestone Inc.,"            This position will report directly to the Principal Data Scientist. This will include data provisioning, exploratory data analysis, data visualization and in...",85000,90000,Los Angeles, CA
258,Data Scientist - LA,"Los Angeles, CA",        CruiTek,"            Perform data exploration and data mining. Our Data Scientist will work to understand high value opportunities and identify/build potential solutions, which...",160000,,Los Angeles, CA
259,"            Signal Processing Data Scientist, Entry Level","San Diego, CA",        Roswell Biotechnologies,"            Experience with statistical analysis of data, exploratory data analysis, descriptive statistics, and data mining....",50000,75000,San Diego, CA
260,SCIENTIST,"San Diego, CA",        US Department of the Navy,            You will serve as a SCIENTIST in the KEY MANAGEMENT AND UNMANNED SYSTEMS BRANCH of SPAWARSYSCEN PACIFIC SAN DIEGO CA. THIS IS A DIRECT HIRE ANNOUNCEMENT....,83063,128402,San Diego, CA
261,            Signal Processing Data Scientist,"San Diego, CA 92121",        Roswell Biotechnologies,"            Experience with statistical analysis of data, exploratory data analysis, descriptive statistics, and data mining....",70000,100000,San Diego, CA
262,"Data Scientist, Growth","Santa Monica, CA",        Tala,"            Support ad-hoc data requests and leveling up our Growth Analysts and Data Scientists. As a Data Scientist, Growth, you will drive our marketing and user...",85000,125000,Santa Monica, CA
263,Data Scientist,"Irvine, CA",        Tekstaff Solutions,Data engineering background; Identify and implement opportunities to extend and enrich company data using 3rd-party data sets....,110000,120000,Irvine, CA
264,            Research Analyst - Newport Beach (Full-time),"Newport Beach, CA 92660",        The Concord Group,            Identify and analyze noteworthy data trends. Optimize data storage to streamline future projects. Collect and organize data on various real estate products and...,40000,45000,Newport Beach, CA
265,Data Scientist II,"Irvine, CA 92618",        Cox Automotive,"            The Data Scientist will be involved in all phases of (Big Data) analytics projects including question formulation, research, development, implementation and...",97000,143000,Irvine, CA
266,"            Intern, Financial Revenue Data Analyst/Scientist","Aliso Viejo, CA",        Ambry Genetics,"            Finance, Data Science, Math, or Statistics; Analyze large amounts of data and develop simplified dashboards and reports that are actionable and easily...",83000,122000,Aliso Viejo, CA
267,Data Scientist,"Aliso Viejo, CA",        Driveway,"            We are looking for a Data Scientist who will support our product, sales, leadership and marketing teams with insights gained from analyzing company data....",93000,137000,Aliso Viejo, CA
268,            Post Doctoral (Pharmaceutical Sciences),"El Paso, TX 79902 (Mission Hills area)",        University of Texas at El Paso,"            Participates in conducting research projects by collecting data from experiments, and analyzing data as appropriate....",27000,37000,El Paso, TX
269,Data Scientist,"New York, NY",        Interactive Brokers,            Interactive Brokers Group (IBG) is looking for a data scientist. Acquire data from internal and external data sources that can be used to enhance our data sets...,106000,157000,New York, NY
270,Data Scientist Intern,"Rome, NY 13441",        Booz Allen Hamilton,"Data Scientist Intern. Knowledge of standard research techniques, statistical analysis, and data compilation....",75000,111000,Rome, NY
271,Data Scientist,"New York, NY",        Downtown Music Publishing,            2+ years professional data analysis or data science experience or equivalent. Downtown is looking to hire a Data Scientist to join our New York office....,96000,141000,New York, NY
272,Data Scientist,"New York, NY 10016 (Gramercy area)",        AETNA,            Strong knowledge of advanced analytics tools and languages to analyze large data sets from multiple data sources....,94000,138000,New York, NY
273,Data Scientist,"New York, NY 10038 (Financial District area)",        New York County Defender Services,            Creating and maintaining a data infrastructure and overseeing data quality assurance; Understanding of bias and how bias is induced in data and through data...,88000,129000,New York, NY
274,"            Intern, Data Science","New York, NY 10001 (Chelsea area)",        Roku,            Work along-side our data scientists to build models that can optimize Roku's business. Deep dive into data within the Roku platform....,117000,173000,New York, NY
275,Data Scientist,"New York, NY",        New York University,            The Public Safety Lab at New York University is looking for a full-time data scientist to build and. Create and provide a data....,84000,124000,New York, NY
276,            Associate Data Scientist - NYC Headquarters,"New York, NY 10016 (Gramercy area)",        Unified,"            As an Associate Data Scientist, you will derive impactful insights from data to drive intelligence for Unified and it’s clients....",103000,151000,New York, NY
277,            Design & Research Analyst (Data),"New York, NY 10004 (Financial District area)",        New York City TAXI & LIMOUSINE COMMISSION,"            Mine existing data sources to understand common issue trends; Foundational knowledge of data analysis using tools like R, Python, or SQL;...",52524,54000,New York, NY
278,Data Scientist - Uber Everything (NYC),"New York, NY 10018 (Clinton area)",        Uber,"            To solve these problems, data scientists leverage unique data sources diverse in both geographical and temporal dimensions and in both structured (data from app...",105000,155000,New York, NY
279,Data Scientist,"New York, NY",        HelloFresh,            We're hiring a Data Scientist to join our Supply Chain Analytics Team here at HelloFresh. Fluency in managing and analyzing large data sets of data with...,100000,147000,New York, NY
280,Data Scientist,"New York, NY 10011 (Chelsea area)",        WebMD,"            As a Data Scientist, you will lead the development of cutting edge machine learning methods that solve key problems in measurement and the audience development...",116000,171000,New York, NY
281,Data Scientist,"New York, NY 10001 (Chelsea area)",        Roku,"Data Scientists move quickly and prototype new solutions methodically. At Roku, Data Scientists leverage Big Data and machine learning to maximize efficiency...",111000,163000,New York, NY
282,"Data Scientist, User Fraud","New York, NY 10011 (Chelsea area)",        Spotify,"            We are looking for a Senior Data Scientist to join the band and help drive a data-first culture, focused on user fraud prevention, detection and research....",127000,187000,New York, NY
283,Data Scientist Intern/Coop,"Armonk, NY 10504",        IBM,            The GCDO drives the data management and data governance strategy across all of IBM’s data. Understanding of core concepts in Data Science and Machine Learning....,98000,144000,Armonk, NY
284,Data Analysis Lead Specialist,"Philadelphia, PA",        Chester County Intermediate Unit,            Position Type: Contractor / Consultant specializing in Data Analysis Location: Statewide Opportunities *(Location determined regionally based on schools...,30000,44000,Philadelphia, PA
285,            Senior Data Analyst,"Philadelphia, PA 19104 (Belmont area)",        Urban Health Collaborative- Drexel University,"            Advanced data compilation and data management skills. Interact with local data teams to acquire, process, and harmonize data....",70000,100000,Philadelphia, PA
286,            Statistical Data Analyst,"Tampa, FL",        University of South Florida,"            4725 / Statistical Data Analyst. Supports the Scientific Director and Staff Scientist in the day-to-day activities of the facility, including but not limited to...",45000,53500,Tampa, FL
287,            Biological Scientist,"Tampa, FL",        University of South Florida,"            5033 / Biological Scientist. Performs analysis of data using statistical software. Maintains logs and records of laboratory techniques, observations, findings,...",32000,38500,Tampa, FL
288,            Customer Facing Data Scientist,"Portland, TX",        DataRobot,            Customer Facing Data Scientists (CFDSs) are critical to making our customers successful. Enabling customers to solve complex data science problems using...,111000,163000,Portland, TX
289,            Research Specialist,"Corpus Christi, TX",        Texas A&M University Corpus Christi,Data Analyses - 40%. Knowledge of coastal and oceanographic data types. The Research Specialist will serve as a Data Scientist in the Coastal and Marine...,40000,61000,Corpus Christi, TX
290,            MARKET RESEARCH ANALYST,"Miami Beach, FL",        IMW Internet Marketing WorldWide,"            Identify the right target, forecast and track marketing and sales trends, analyzing collected data; Collect and analyze data on customer demographics,...",37086,,Miami Beach, FL
291,"Data Scientist, Optimization","Fort Lauderdale, FL","        Magic Leap, Inc.","            Experience with data visualization tool (e.g. Leverages machine learning and data mining techniques. As a Data Scientist, Optimization for Magic Leap's...",102000,151000,Fort Lauderdale, FL
292,Data Reporting/Healthcare Information Data Scientist Sr.,"Memphis, TN 38103 (Downtown area)",        Methodist Le Bonheur Healthcare,            The Healthcare Information Data Scientist Sr indecently functions in an expert capacity producing innovative solutions driven by exploratory data analysis from...,71000,105000,Memphis, TN
293,            Associate Product Owner,"Memphis, TN 37544 (Parkway Village-Oakhaven area)",        St. Jude Children's Research Hospital,"            Jude Cloud data access, develop and utilize software to prepare, annotate, and maintain genomic data files in St....",73000,109000,Memphis, TN
